Irbid,Al Koura,Al Koura,Khirbat Al Kharijah
Ajloun,Kufr Anja,Kufr Anja,Khirbat Al Biddiyah
Jarash,Qasabat Jarash,Jarash,Khirbat Al Qusayr
Mafraq,Qasabat Al Mafraq,Erhab,Khirbat Umm Rummanah
Ajloun,Kufr Anja,Kufr Anja,Raas Ad Duwayriyah
Ajloun,Qasabat  Ajloun,Qasabat  Ajloun,Khirbat Sarabis
Ajloun,Qasabat  Ajloun,Qasabat  Ajloun,Shariq Bank
Ajloun,Qasabat  Ajloun,Qasabat  Ajloun,Khirbat Salim
Irbid,Al Koura,Al Koura,Tall Al Hussien
Ajloun,Qasabat  Ajloun,Qasabat  Ajloun,Kafr Ad Durrah
Ajloun,Qasabat  Ajloun,Qasabat  Ajloun,Subayrah
Ajloun,Qasabat  Ajloun,Qasabat  Ajloun,Khirbat Mar Ilyas
Ajloun,Qasabat  Ajloun,Qasabat  Ajloun,Tall Abu al Hummus
Ajloun,Qasabat  Ajloun,Arjan,Raas At Tilm
Ajloun,Qasabat  Ajloun,Qasabat  Ajloun,Farah
Ajloun,Qasabat  Ajloun,Qasabat  Ajloun,Irjan
Jarash,Qasabat Jarash,Jarash,Mukhayyam Suf
Balqa,Qasabat As Salt,As Salt,Khirbat Abu Tinah
Balqa,Qasabat As Salt,As Salt,Kafr Hudah
Balqa,Qasabat As Salt,As Salt,Ar Rabaah
Balqa,Qasabat As Salt,As Salt,Taff Yusha3
Aqabah,Qasabat Al Aqabah,Al Aqabah,Khashm Al Qatrah
Karak,Al Aghwar Al Janoobiyah,Ghawr Al Mazrha,Al Matrabah
Karak,Al Qasr,Al Mawjib,Wadi an Nukhaylah
Karak,Al Qatrana,Al Qatrana,Askan Dabbabnah
Karak,Al Qatrana,Al Qatrana,Qasr Abu Al Anaya
Karak,Al Mazar Al Janoubi,Al Mazar Al Janoubi,Khirbat Umm Rummanah
Karak,Al Mazar Al Janoubi,Moab,Umm Zaba3air
Karak,Al Mazar Al Janoubi,Moab,Dulayqah
Amman,Al Jamiah,Al Jamiah,Rujm Ash Shara3airah
Amman,Al Jiza,Al Jiza,Al Qunaytirah
Amman,Al Jamiah,Al Jamiah,Khirbat Siran
Amman,Al Quaysmh,Al Quaysmh,Al Juwayyidah
Amman,Al Quaysmh,Al Quaysmh,Al Qusayr
Amman,Al Quaysmh,Al Quaysmh,Jawa
Amman,Al Jiza,Al Jiza,Zabaair Udwan
Amman,Al Jiza,Al Jiza,Ash Shufatah
Amman,Al Quaysmh,Al Quaysmh,Al Muqabalayn
Amman,Marka,Marka,Abu Alandah
Amman,Al Quaysmh,Al Quaysmh,Al Mabrak
Amman,Marka,Marka,Qasr An Nuwayjis
Amman,Qasabat Amman,Al Madinah,Umm Suwaywinah
Amman,Qasabat Amman,Al Madinah,Khirbat Subhi
Amman,Qasabat Amman,Al Madinah,Mukhayyam Jabal AL Hussien
Amman,Qasabat Amman,Al Madinah,Raas Al Ayn
Amman,Qasabat Amman,Al Madinah,As Saqrah
Tafilah,Tafilah,Tafilah,Arwim
Irbid,Al Aghwar Al Shamalyah,Al Aghwar Al Shamalyah,Al Jirm
Tafilah,Tafilah,Tafilah,Afra
Irbid,Al Aghwar Al Shamalyah,Al Aghwar Al Shamalyah,As Sukkar
Irbid,Al Koura,Al Koura,Khirbat Fitnah
Irbid,Al Koura,Al Koura,As Samt
Irbid,Bani Kinana,Bani Kinana,Kafr Lahiya
Ajloun,Qasabat  Ajloun,Qasabat  Ajloun,Tall Uwaymir
Ajloun,Qasabat  Ajloun,Qasabat  Ajloun,Khirbat as Sakhinah
Jarash,Qasabat Jarash,Jarash,Al Birkatayn
Ajloun,Qasabat  Ajloun,Qasabat  Ajloun,Khirbat As Suwaydiyah
Ajloun,Qasabat  Ajloun,Qasabat  Ajloun,Raas Al Khaymah
Ajloun,Qasabat  Ajloun,Qasabat  Ajloun,Khirbat Hazzar
Ajloun,Qasabat  Ajloun,Qasabat  Ajloun,Khirbat Shamsin
Ajloun,Qasabat  Ajloun,Qasabat  Ajloun,Khirbat Al Mawbarah
Ajloun,Qasabat  Ajloun,Qasabat  Ajloun,Khirbat As Salus
Ajloun,Qasabat  Ajloun,Qasabat  Ajloun,Khirbat Abu Hadid
Ajloun,Qasabat  Ajloun,Qasabat  Ajloun,Tall Mashhad
Ajloun,Qasabat  Ajloun,Qasabat  Ajloun,Khirbat Mashhad
Ajloun,Qasabat  Ajloun,Qasabat  Ajloun,Muhafazat Ajlun
Ajloun,Qasabat  Ajloun,Qasabat  Ajloun,Khirbat ash Shaykh Rashid
Ajloun,Qasabat  Ajloun,Qasabat  Ajloun,Khirbat Dayr Ilyus
Ajloun,Qasabat  Ajloun,Qasabat  Ajloun,Khirbat Abu Az Zaytun
Ajloun,Qasabat  Ajloun,Arjan,Khirbat Mahrama
Ajloun,Qasabat  Ajloun,Arjan,Khirbat Farah
Balqa,Ash Shuna Al Janoubyah,Ash Shuna Al Janoubyah,Ash Shaghur
Ajloun,Kufr Anja,Kufr Anja,Marj Zubayd
Balqa,Ash Shuna Al Janoubyah,Ash Shuna Al Janoubyah,Tall Al Gharabah
Balqa,Ash Shuna Al Janoubyah,Ash Shuna Al Janoubyah,Khirbat Al Kharsaah
Madaba,Qasabat Madaba,Maeen,Ad Daliyah
Madaba,Qasabat Madaba,Maeen,Madashsh Wadi Himarah
Balqa,Ash Shuna Al Janoubyah,Ash Shuna Al Janoubyah,Ghawr Nimrin
Balqa,Ash Shuna Al Janoubyah,Ash Shuna Al Janoubyah,Tall Al Mistah
Balqa,Ash Shuna Al Janoubyah,Ash Shuna Al Janoubyah,Al Karamah Extension
Balqa,Ash Shuna Al Janoubyah,Ash Shuna Al Janoubyah,Khirbat Bassat Khalaf
Balqa,Ash Shuna Al Janoubyah,Dead Sea,Al Mumallah
Balqa,Ash Shuna Al Janoubyah,Dead Sea,Al Hushayrah
Amman,Sahab,Sahab,Al Mushayrifah
Balqa,Ayn Al Basha,Ayn Al Basha,Rujm Maghaghah
Balqa,Ayn Al Basha,Ayn Al Basha,Rujm Al Midmar
Balqa,Ayn Al Basha,Ayn Al Basha,Rujm Al Hawi
Mafraq,Al Badiah Al Shamaliyah Al Gharbiyah,Al Khaldyah,Khirbat Rufayfah
Balqa,Ayn Al Basha,Ayn Al Basha,Sahl Al Balqa
Balqa,Ayn Al Basha,Ayn Al Basha,Khirbat Al Mudawwarah
Mafraq,Qasabat Al Mafraq,Balama,Al Mukhayzin
Balqa,Ayn Al Basha,Ayn Al Basha,Rujm Al Hays
Balqa,Ayn Al Basha,Ayn Al Basha,Al Manashsh
Balqa,Ayn Al Basha,Ayn Al Basha,Rujm Al Mu3mini
Balqa,Ayn Al Basha,Ayn Al Basha,Rujm Umm Zurur
Balqa,Deir Alla,Deir Alla,Ghawr Al Katar
Balqa,Deir Alla,Deir Alla,Al Maqam
Balqa,Deir Alla,Deir Alla,Zawr Dayr Shaman
Balqa,Deir Alla,Deir Alla,Ghawr Damiya wa Ash Shiqaq
Balqa,Deir Alla,Deir Alla,Al Hudayb
Balqa,Deir Alla,Deir Alla,Zahrat Umm Qitfah
Balqa,Deir Alla,Deir Alla,Mukhayyam Damiya
Balqa,Deir Alla,Deir Alla,Al Bakuli
Balqa,Deir Alla,Deir Alla,Izbat Al Bisharat
Balqa,Deir Alla,Deir Alla,An Nusayhi
Balqa,Deir Alla,Deir Alla,Ghawr Al Muaddi
Zarqa,Al Hashimiya,Al Hashimiya,Al Majannah
Balqa,Deir Alla,Deir Alla,Husayn Al 3ali Al Falah
Balqa,Deir Alla,Deir Alla,Sulayman An Nasir
Balqa,Deir Alla,Deir Alla,Bayt Al Husayni
Balqa,Deir Alla,Deir Alla,At Turkumaniyah
Balqa,Deir Alla,Deir Alla,Ghawr Abu `Ubaydah
Balqa,Deir Alla,Deir Alla,Bab An Naqb
Balqa,Deir Alla,Deir Alla,Suhayban
Balqa,Deir Alla,Deir Alla,Al Amarah
Balqa,Deir Alla,Deir Alla,Al Muwayb
Karak,Al Aghwar Al Janoobiyah,Ghawr Al Mazrha,Al Qasr
Karak,Al Aghwar Al Janoobiyah,Ghawr Al Mazrha,Al Manshiyah
Balqa,Mahis Wa Al Fuhays,Mahis Wa Al Fuhays,Khirbat Al Ainab
Balqa,Qasabat As Salt,Al Arda,Al Humrah
Balqa,Qasabat As Salt,Al Arda,Ma3lakah
Balqa,Qasabat As Salt,Al Arda,Umm Al Ahjar
Balqa,Qasabat As Salt,Al Arda,Al Zukhaynat
Balqa,Qasabat As Salt,Al Arda,At Tuwayqiyah
Balqa,Qasabat As Salt,Al Arda,Al Aridah
Balqa,Qasabat As Salt,Al Arda,Marj Al Mawali
Balqa,Qasabat As Salt,Al Arda,Adh7 Dhubab
Balqa,Qasabat As Salt,Al Arda,Suhayyat Owda
Balqa,Qasabat As Salt,Al Arda,Al Khawarij
Balqa,Qasabat As Salt,Alan Wa Zay,Jabal Di3am
Balqa,Qasabat As Salt,Alan Wa Zay,Marj Abu Al Kharram
Karak,Qasabat Al Karak,Al Karak,Al Ifranj
Balqa,Qasabat As Salt,Alan Wa Zay,Marj Kawkash
Balqa,Qasabat As Salt,Alan Wa Zay,Al Ashrafiyah
Balqa,Qasabat As Salt,Alan Wa Zay,Marj Abu 3amirah
Balqa,Qasabat As Salt,Alan Wa Zay,Khirbat Al Amn
Balqa,Qasabat As Salt,Alan Wa Zay,Khirbat Ar Rashuni
Balqa,Qasabat As Salt,Alan Wa Zay,Jabal Abu Zaytunah
Balqa,Qasabat As Salt,As Salt,Khirbat Al Braah
Balqa,Qasabat As Salt,As Salt,Muhafazat Al Balqa
Balqa,Qasabat As Salt,As Salt,Khirbat Ayyub
Balqa,Qasabat As Salt,As Salt,Al bahrah
Balqa,Qasabat As Salt,As Salt,Karm Abbas
Balqa,Qasabat As Salt,As Salt,Al Qassam Ash Sharqi
Balqa,Qasabat As Salt,As Salt,As Shah
Balqa,Qasabat As Salt,As Salt,Al Qassam Al Gharbi
Balqa,Qasabat As Salt,As Salt,At Tarazin
Balqa,Qasabat As Salt,As Salt,Jabal al Abyad
Balqa,Qasabat As Salt,As Salt,Khallat As Sakhri
Balqa,Qasabat As Salt,As Salt,Al Hulaylah
Balqa,Qasabat As Salt,As Salt,Jibal Abu Tarah
Balqa,Qasabat As Salt,As Salt,Qasabat As Salt
Balqa,Qasabat As Salt,As Salt,Al Buqaan
Balqa,Qasabat As Salt,As Salt,Khirbat Umm al Kuub
Balqa,Qasabat As Salt,As Salt,Khirbat Sal3uf
Balqa,Qasabat As Salt,As Salt,Khirbat al Miraa3h
Balqa,Qasabat As Salt,Ira Wa Yarqa,Majdala
Balqa,Qasabat As Salt,Ira Wa Yarqa,Khirbat Sha3tha
Balqa,Qasabat As Salt,Ira Wa Yarqa,Khirbat Al Haddadah
Aqabah,Al Quwayra,Al Quwayra,Ruaaysat Al Khalidi
Aqabah,Al Quwayra,Al Quwayra,Muhafazat Al Aqabah
Aqabah,Qasabat Al Aqabah,Al Aqabah,Al Yamaniyah
Aqabah,Qasabat Al Aqabah,Al Aqabah,Jabal Ash Shurayyah
Aqabah,Qasabat Al Aqabah,Al Aqabah,Al Buraij
Aqabah,Qasabat Al Aqabah,Al Aqabah,Hadabat Qarah
Aqabah,Qasabat Al Aqabah,Al Aqabah,Abu Nukhaylah
Aqabah,Qasabat Al Aqabah,Al Aqabah,Ar Rabiyah
Aqabah,Qasabat Al Aqabah,Al Aqabah,Al Muzaqqar
Aqabah,Qasabat Al Aqabah,Wadi Araba,Taba
Aqabah,Qasabat Al Aqabah,Wadi Araba,Tilal As Sifr
Aqabah,Qasabat Al Aqabah,Wadi Araba,Jibal Raas An Naqb
Aqabah,Qasabat Al Aqabah,Wadi Araba,Rawdat An Nar
Aqabah,Qasabat Al Aqabah,Wadi Araba,Raas An Naqb
Amman,Al Jiza,Al Jiza,Al Amiriyah
Aqabah,Qasabat Al Aqabah,Wadi Araba,Umm Mathla
Karak,Al Aghwar Al Janoobiyah,Ghawr Al Mazrha,Rujm Ash Shumus
Karak,Al Aghwar Al Janoobiyah,Ghawr Al Mazrha,Al Mara3ah
Karak,Al Aghwar Al Janoobiyah,Ghawr Al Mazrha,Khirbat Al Qunaytirah
Karak,Al Aghwar Al Janoobiyah,Ghawr Al Mazrha,Qinan Al Mintar
Karak,Al Aghwar Al Janoobiyah,Ghawr Al Mazrha,Arqib Fuqu3
Karak,Al Qasr,Al Qasr,Rujm Ghunaym
Karak,Al Aghwar Al Janoobiyah,Ghawr Al Mazrha,Ghawr Al Hadithah
Karak,Al Aghwar Al Janoobiyah,Ghawr Al Safi,Khirbat Ash Shaykh Issa
Karak,Al Aghwar Al Janoobiyah,Ghawr Al Safi,Safi
Karak,Al Aghwar Al Janoobiyah,Ghawr Al Safi,Jibal Samrat Qunayy
Amman,Al Jiza,Um Al Rasas,Al Mudayyinah
Karak,Al Qasr,Al Qasr,Khirbat Az Zaqibah
Karak,Al Qasr,Al Qasr,Nasib
Karak,Al Qasr,Al Qasr,Ghzzur
Karak,Al Qasr,Al Qasr,Jadaat Al Jubur
Karak,Al Qasr,Al Mawjib,Khirbat Furaywan
Karak,Al Qasr,Al Mawjib,Ibharmalah
Karak,Al Qatrana,Al Qatrana,Al Furayn
Karak,Al Qatrana,Al Qatrana,Rujm Abu Al Hisani
Karak,Al Qatrana,Al Qatrana,Rujm Khashm As Sirah
Karak,Al Qatrana,Al Qatrana,Qasr At Tamrah
Karak,Al Qatrana,Al Qatrana,Rujm Ash Sharif
Karak,Al Qatrana,Al Qatrana,Ath Thamaail
Karak,Al Qatrana,Al Qatrana,Wadi Suaaydah
Karak,Al Qatrana,Al Qatrana,Wadi Al Balu3
Karak,Al Qatrana,Al Qatrana,Qusur Rishan
Karak,Al Mazar Al Janoubi,Al Mazar Al Janoubi,Khawkhah
Karak,Al Mazar Al Janoubi,Al Mazar Al Janoubi,Al Masmar
Karak,Al Mazar Al Janoubi,Al Mazar Al Janoubi,Al Madabah
Amman,Wadi As Sir,Wadi As Sir,As Sa3adah
Karak,Al Mazar Al Janoubi,Al Mazar Al Janoubi,Ad Dabab
Karak,Al Mazar Al Janoubi,Al Mazar Al Janoubi,Khirbat Al Mudawwarah
Karak,Al Mazar Al Janoubi,Al Mazar Al Janoubi,Umm Sawwanah
Karak,Al Mazar Al Janoubi,Al Mazar Al Janoubi,Al Humrah
Karak,Qasabat Al Karak,Al Karak,Al Batraa
Karak,Al Mazar Al Janoubi,Al Mazar Al Janoubi,Khirbat al Basiliyah
Ajloun,Kufr Anja,Kufr Anja,Al Amiriyah
Karak,Al Mazar Al Janoubi,Al Mazar Al Janoubi,Bayt Shahm
Karak,Al Mazar Al Janoubi,Al Mazar Al Janoubi,Khirbat Umm Al qtat
Karak,Al Mazar Al Janoubi,Al Mazar Al Janoubi,Khirbat Mishraqa
Karak,Al Mazar Al Janoubi,Al Mazar Al Janoubi,Al Mashhad
Karak,Al Mazar Al Janoubi,Al Mazar Al Janoubi,Nessar
Karak,Ayy,Ayy,Khirbat Tadun
Karak,Ayy,Ayy,Alaqan
Karak,Ayy,Ayy,Al Iqtaniyah
Karak,Ayy,Ayy,Khirbat Al Qashab
Karak,Qasabat Al Karak,Al Karak,Mihna
Karak,Fqou,Fqou,Khirbat Shih7an
Karak,Qasabat Al Karak,Al Karak,Khirbat Umm A3landah
Karak,Qasabat Al Karak,Al Karak,Nushaynish
Karak,Qasabat Al Karak,Al Karak,An Nukhaylah
Karak,Qasabat Al Karak,Al Karak,Abu Ash Shahm
Karak,Qasabat Al Karak,Al Karak,Khirbat An Naqqaz
Karak,Qasabat Al Karak,Al Karak,Muhafazat Al Karak
Karak,Qasabat Al Karak,Al Karak,Umm Rummana
Karak,Qasabat Al Karak,Al Karak,Khirbat Al Qurayn
Karak,Qasabat Al Karak,Al Karak,Zahrat Al Mataris
Karak,Qasabat Al Karak,Al Karak,Ath Thallajah
Karak,Qasabat Al Karak,Al Karak,Khirbat Abu Hamid
Karak,Qasabat Al Karak,Al Karak,Al Abbasiyah
Karak,Qasabat Al Karak,Al Karak,Qir Moav
Karak,Qasabat Al Karak,Al Karak,Abu Hammur
Karak,Qasabat Al Karak,Al Karak,Rujm Al Absi
Karak,Qasabat Al Karak,Al Karak,Salah Ad Din
Karak,Qasabat Al Karak,Al Karak,Umm Kariyah
Karak,Qasabat Al Karak,Al Karak,Al Hudayb
Amman,Al Jamiah,Al Jamiah,Rujm ash Shumaysani
Amman,Al Jamiah,Al Jamiah,Siran
Maan,Al Petra,Al Petra,Al Dier
Amman,Al Jamiah,Al Jamiah,Khirbat Inb Awaf
Amman,Al Jamiah,Al Jamiah,Umm Zuwaytinah
Amman,Al Jamiah,Al Jamiah,Khirbat Yajuz
Amman,Al Jamiah,Al Jamiah,Kawm Yajuz
Amman,Al Jamiah,Al Jamiah,Khirbat Abu Murhaf
Amman,Al Jamiah,Al Jamiah,Tab Kiraa3
Amman,Al Jamiah,Al Jamiah,Uyun Adh Dhiab
Amman,Al Jamiah,Al Jamiah,Khirbat Badran
Madaba,Theeban,Al Areed,Al Thughrah
Amman,Al Jiza,Al Jiza,Muhafazat Amman
Amman,Al Jiza,Al Jiza,Umm Rusum
Amman,Al Jiza,Al Jiza,Al Harbaj
Amman,Al Jiza,Al Jiza,Barazin
Amman,Al Jiza,Al Jiza,Zabaair Al Qastal
Amman,Al Quaysmh,Al Quaysmh,Al Yadudah
Amman,Al Quaysmh,Al Quaysmh,Al Umayri
Amman,Al Quaysmh,Al Quaysmh,Iskandar
Amman,Al Quaysmh,Al Quaysmh,Al Bunayyat Ash Shamaliyah
Amman,Al Quaysmh,Al Quaysmh,Ar Rajib
Amman,Marka,Marka,Al Qartu3iyah
Amman,Marka,Marka,An Nuwayjis
Amman,Marka,Marka,Urqub Sabha
Amman,Mwaqqar,Mwaqqar,Qasr Al Kharanah
Amman,Mwaqqar,Mwaqqar,Qasr Mushash
Amman,Mwaqqar,Mwaqqar,Al Qutnah
Amman,Naaur,Naaur,Tall Al Matabi3
Amman,Naaur,Naaur,Sha3annab
Amman,Naaur,Naaur,Umm Rummanah
Amman,Qasabat Amman,Al Madinah,Ash Shumaysani
Amman,Qasabat Amman,Al Madinah,Wadi Amman
Amman,Qasabat Amman,Al Madinah,Wadi Abdun
Amman,Qasabat Amman,Al Madinah,Urjan Al Gharbiyah
Amman,Qasabat Amman,Al Madinah,Ar Riwaq
Amman,Sahab,Sahab,Industrial Estate
Amman,Sahab,Sahab,Ulayya
Amman,Sahab,Sahab,Ad Da3jaa
Amman,Sahab,Sahab,Rujm Za3in
Amman,Sahab,Sahab,Qa3afur
Amman,Sahab,Sahab,Qasr al Madunah
Amman,Wadi As Sir,Wadi As Sir,Es Sur
Amman,Wadi As Sir,Wadi As Sir,Sakkaa
Amman,Wadi As Sir,Wadi As Sir,Al Bahhath Ash Shamali
Tafilah,Tafilah,Tafilah,Furaydis
Amman,Wadi As Sir,Wadi As Sir,Umm Nuwarah
Amman,Wadi As Sir,Wadi As Sir,As Sira
Amman,Wadi As Sir,Wadi As Sir,Suwayfiyah
Amman,Wadi As Sir,Wadi As Sir,Ar Rawnaq
Amman,Wadi As Sir,Wadi As Sir,Bilal
Amman,Wadi As Sir,Wadi As Sir,Ar Rabahiyah
Tafilah,Al Hasa,Al Hasa,Qufayqif
Tafilah,Al Hasa,Al Hasa,Iskan Sharikat Al Fusfat
Tafilah,Al Hasa,Al Hasa,Qal3at al Qasa
Tafilah,Tafilah,Tafilah,Khirbat Al Musalla
Tafilah,Tafilah,Tafilah,Khirbat Al Baydaa3
Tafilah,Tafilah,Tafilah,Al Hannanah
Tafilah,Tafilah,Tafilah,Khirbat Al Khadraa
Tafilah,Tafilah,Tafilah,Khirbat Qasr Ad Dayr
Tafilah,Tafilah,Tafilah,Khirbat Khaniq Al Lawz
Tafilah,Tafilah,Tafilah,Khirbat Al Mayasir
Tafilah,Tafilah,Tafilah,Qasr at Tilah
Tafilah,Tafilah,Tafilah,Shary
Tafilah,Tafilah,Tafilah,Khirbat An Nasraniyah
Tafilah,Tafilah,Tafilah,Wadi Al Qurr
Tafilah,Tafilah,Tafilah,Abu Shawkah
Tafilah,Tafilah,Tafilah,Khirbat Butaynah
Tafilah,Tafilah,Tafilah,Salakhid
Tafilah,Tafilah,Tafilah,Khirbat Ash Shamaail
Tafilah,Tafilah,Tafilah,Majadil
Tafilah,Tafilah,Tafilah,Wadi Khunayzirah
Tafilah,Tafilah,Tafilah,Khirbat Al Mushimmin
Tafilah,Tafilah,Tafilah,Al Maqir
Aqabah,Qasabat Al Aqabah,Wadi Araba,Al Fawwarah
Tafilah,Tafilah,Tafilah,Sudur
Tafilah,Tafilah,Tafilah,Jabrunah
Tafilah,Tafilah,Tafilah,Bahlul
Tafilah,Tafilah,Tafilah,Makhfar al La3ban
Tafilah,Tafilah,Tafilah,Khirbat Sabrah
Tafilah,Busayrah,Busayrah,At Talaai`
Madaba,Theeban,Al Areed,Al Khiss
Irbid,Al Aghwar Al Shamalyah,Al Aghwar Al Shamalyah,Ghawr Farah
Tafilah,Busayrah,Busayrah,Umm Zu`rurah
Tafilah,Busayrah,Busayrah,Sayl Ray`a
Tafilah,Busayrah,Busayrah,Muhafazat at Tafilah
Irbid,Al Aghwar Al Shamalyah,Al Aghwar Al Shamalyah,Ghawr Al Wahadinah
Tafilah,Busayrah,Busayrah,Ar Rashadiyah
Irbid,Al Aghwar Al Shamalyah,Al Aghwar Al Shamalyah,Ghawr al Arba3in
Irbid,Al Aghwar Al Shamalyah,Al Aghwar Al Shamalyah,Ash Shaykh Muhammad
Irbid,Al Aghwar Al Shamalyah,Al Aghwar Al Shamalyah,Khirbat Al Hammah
Irbid,Al Aghwar Al Shamalyah,Al Aghwar Al Shamalyah,Al Harawiyah
Irbid,Al Aghwar Al Shamalyah,Al Aghwar Al Shamalyah,Khirbat Ash Shaykh Ulayyan
Karak,Al Qatrana,Al Qatrana,Wadi Al Mawjib
Irbid,Al Aghwar Al Shamalyah,Al Aghwar Al Shamalyah,Khirbat Iraq Ar Rashdan
Irbid,Al Aghwar Al Shamalyah,Al Aghwar Al Shamalyah,Qulay3at
Irbid,Al Aghwar Al Shamalyah,Al Aghwar Al Shamalyah,Al 3zziyah
Irbid,Al Aghwar Al Shamalyah,Al Aghwar Al Shamalyah,Khirbat Furayqi3
Irbid,Al Aghwar Al Shamalyah,Al Aghwar Al Shamalyah,Tall Musa
Irbid,Al Aghwar Al Shamalyah,Al Aghwar Al Shamalyah,Al Madrasah
Irbid,Al Aghwar Al Shamalyah,Al Aghwar Al Shamalyah,Khirbat al Khirwaa
Irbid,Al Aghwar Al Shamalyah,Al Aghwar Al Shamalyah,Ma3ad
Irbid,Al Aghwar Al Shamalyah,Al Aghwar Al Shamalyah,Khirbat Al Qattaf
Irbid,Al Aghwar Al Shamalyah,Al Aghwar Al Shamalyah,Khirbat Ash Shaykh Hussien
Irbid,Al Aghwar Al Shamalyah,Al Aghwar Al Shamalyah,Al Mughayrifat
Irbid,Al Aghwar Al Shamalyah,Al Aghwar Al Shamalyah,Naharayim
Irbid,Al Koura,Al Koura,Khirbat Yisna
Irbid,Al Koura,Al Koura,Zahrat Al Jud
Irbid,Al Koura,Al Koura,Khirbat Miryamin
Irbid,Al Koura,Al Koura,Khirbat Sir
Irbid,Al Koura,Al Koura,Khirbat Nassar
Irbid,Al Koura,Al Koura,Khirbat Sartaba
Irbid,Al Koura,Al Koura,Khirbat At Tantur
Irbid,Al Koura,Al Koura,Khirbat Ad Duwayr
Irbid,Al Koura,Al Koura,Khirbat Abu Al Khass
Irbid,Al Koura,Al Koura,Khirbat Dayr Al 3sal
Irbid,Al Koura,Al Koura,Khirbat Us3us
Irbid,Al Koura,Al Koura,Tall Az Zu3rur
Irbid,Al Koura,Al Koura,Zahrat Ad Dimnah
Irbid,Al Koura,Al Koura,Tall Al Husayn
Irbid,Al Koura,Al Koura,Khirbat Al Jalamah
Irbid,Al Koura,Al Koura,Khirbat Manwah
Irbid,Al Koura,Al Koura,Raas Al Jurn
Irbid,Al Mazar Ash Shamali,Al Mazar Ash Shamali,Khirbat Zambut Mulayk
Irbid,Al Koura,Al Koura,Tall Abu Al Fakhkhar
Irbid,Al Mazar Ash Shamali,Al Mazar Ash Shamali,Wa3rat Al Mislaq
Irbid,Al Mazar Ash Shamali,Al Mazar Ash Shamali,Wa3rat An Namlah
Irbid,Al Mazar Ash Shamali,Al Mazar Ash Shamali,Khirbat Darayya
Irbid,Al Mazar Ash Shamali,Al Mazar Ash Shamali,Khirbat Ad Duwayr
Irbid,Al Mazar Ash Shamali,Al Mazar Ash Shamali,Khirbat 3yatah
Irbid,Al Mazar Ash Shamali,Al Mazar Ash Shamali,Khirbat An Naqi3
Irbid,Al Mazar Ash Shamali,Al Mazar Ash Shamali,Muhafaza Irbid
Irbid,Al Wastiyya,Al Wastiyya,Khirbat Umm An Naml
Irbid,Al Wastiyya,Al Wastiyya,Dawgarah
Irbid,At Tayba,At Tayba,Tall Ar Ru3us
Irbid,At Tayba,At Tayba,Khirbat Sibya
Madaba,Theeban,Al Areed,Ramah
Irbid,Bani Kinana,Bani Kinana,Id3an
Irbid,Bani Kinana,Bani Kinana,Khirbat Id3an
Irbid,Bani Kinana,Bani Kinana,Mushayrifah
Irbid,Bani Kinana,Bani Kinana,Balad Ash Shaykh
Irbid,Bani Kinana,Bani Kinana,Khirbat Umm Al 3imad
Irbid,Bani Kinana,Bani Kinana,Al Kursi
Irbid,Bani Kinana,Bani Kinana,Qaraqush
Irbid,Bani Obayd,Bani Obayd,Khirbat Ya3mun
Irbid,Bani Obayd,Bani Obayd,Khirbat Tumayrah
Irbid,Bani Obayd,Bani Obayd,Khirbat Dawhalah
Irbid,Bani Obayd,Bani Obayd,Khirbat Ad Duway7ilah
Irbid,Bani Obayd,Bani Obayd,Khirbat Jami3 An Nuway7ir
Irbid,Bani Obayd,Bani Obayd,Khirbat Jarayya
Irbid,Bani Obayd,Bani Obayd,Khirbat Zabdah
Irbid,Bani Obayd,Bani Obayd,Khirbat Ad Dahmaa
Irbid,Bani Obayd,Bani Obayd,Khirbat Umm Al Abar
Irbid,Bani Kinana,Bani Kinana,Tabaqat Nasrah
Irbid,Bani Obayd,Bani Obayd,Khirbat Jarmayah
Irbid,Bani Obayd,Bani Obayd,Qasr Rakisah
Irbid,Bani Obayd,Bani Obayd,Khirbat Rakisah
Irbid,Irbid,Irbid,Khirbat Al Kawm
Irbid,Irbid,Irbid,Zabdah
Irbid,Irbid,Irbid,Abu Az Zayt
Irbid,Irbid,Irbid,Al Barihah
Irbid,Irbid,Irbid,Tall As Sabbah
Irbid,Ar Ramtha,Ar Ramtha,Khirbat Ar Rumaythah
Irbid,Ar Ramtha,Ar Ramtha,Ar Rabah
Irbid,Ar Ramtha,Ar Ramtha,Khirbat Awash
Irbid,Ar Ramtha,Ar Ramtha,An Naq3
Irbid,Ar Ramtha,Ar Ramtha,Ad Dahdah
Irbid,Ar Ramtha,Ar Ramtha,Maharib Ad Dibs
Irbid,Ar Ramtha,Ar Ramtha,As Sufayri
Irbid,Ar Ramtha,Ar Ramtha,Khirbat Al Huwayrah
Jarash,Qasabat Jarash,Al Mastaba,Rujm Ash Shubayl
Jarash,Qasabat Jarash,Al Mastaba,Jabal Abu Zaynah
Jarash,Qasabat Jarash,Al Mastaba,Jabal Al 3rdah
Jarash,Qasabat Jarash,Al Mastaba,Jabal Al Ju3aydi
Jarash,Qasabat Jarash,Tal Burma,Iraq At Tahunah
Jarash,Qasabat Jarash,Tal Burma,Khirbat Umm Tall
Jarash,Qasabat Jarash,Tal Burma,Khirbat As Sawari
Jarash,Qasabat Jarash,Tal Burma,Ayn As Safar
Jarash,Qasabat Jarash,Tal Burma,Khirbat Ad Dala3i
Jarash,Qasabat Jarash,Tal Burma,Dier Ajlun
Jarash,Qasabat Jarash,Tal Burma,Dibbin National Park
Jarash,Qasabat Jarash,Tal Burma,Khirbat Al Mishmas
Jarash,Qasabat Jarash,Tal Burma,Khirbat As Safsafah
Jarash,Qasabat Jarash,Jarash,Khirbat As Suwayrat
Jarash,Qasabat Jarash,Jarash,Al Makhbath
Jarash,Qasabat Jarash,Jarash,Rujm Al Qarrami
Jarash,Qasabat Jarash,Jarash,Khirbat Al Mata7ah
Jarash,Qasabat Jarash,Jarash,Khirbat Umm Qantarah Ash Sharqiyah
Jarash,Qasabat Jarash,Jarash,Khirbat Siqya
Jarash,Qasabat Jarash,Jarash,Khirbat Qirfill
Jarash,Qasabat Jarash,Jarash,Khirbat Ma3afir
Maan,Qasabat Maan,Ail,Abu Al 3zam
Maan,Qasabat Maan,Ail,Musaymirah
Maan,Qasabat Maan,Ail,Wuhaydah
Maan,Qasabat Maan,Ail,Al Juththah
Maan,Qasabat Maan,Ail,Ar Ruwayhi
Maan,Qasabat Maan,Ail,Raas Ayn Al sharah
Maan,Qasabat Maan,Ail,Umm Al Fats
Maan,Qasabat Maan,Al Muraygha,Dusil
Maan,Qasabat Maan,Al Jafr,Muhafazat Maan
Maan,Qasabat Maan,Al Jafr,Ash Shaybaa
Maan,Qasabat Maan,Al Jafr,Far3 Wadi Al Abyad
Maan,Qasabat Maan,Al Jafr,Mamarr Ad Dawaain
Maan,Qasabat Maan,Al Jafr,Ba3ir
Maan,Qasabat Maan,Al Muraygha,Al Farsh
Maan,Qasabat Maan,Al Muraygha,Jibal Ash Sharah
Maan,Qasabat Maan,Al Muraygha,Raas Mu3ayqil
Maan,Qasabat Maan,Al Muraygha,Biar Hamad
Maan,Qasabat Maan,Al Muraygha,Khirbat al Murayghah
Maan,Qasabat Maan,Al Muraygha,Dawr
Maan,Qasabat Maan,Maan,Husaynan
Maan,Qasabat Maan,Maan,Qasr As Safraa
Maan,Al Petra,Al Petra,Umm ar Rakhm
Maan,Al Petra,Al Petra,Salman
Maan,Al Petra,Al Petra,Khirbat Mabrak
Maan,Al Petra,Al Petra,At Turiyah
Maan,Al Petra,Al Petra,Khirbat Zahrat Ar Ru3yis
Maan,Al Petra,Al Petra,Jabal al Ghazl
Maan,Al Petra,Al Petra,Khirbat al Majdal
Maan,Al Petra,Al Petra,Tal3at Omer
Maan,Al Petra,Al Petra,Khirbat al Baqah
Maan,Al Petra,Al Petra,Kafr Saham
Maan,Al Petra,Al Petra,Al Butahi
Maan,Al Petra,Al Petra,Khashm As Sawwanah
Maan,Al Petra,Al Petra,Duwas
Maan,Al Petra,Al Petra,Da7a7ah
Maan,Al Petra,Al Petra,Al Hittah
Maan,Al Petra,Al Petra,Khirbat Al Mu3allaqah
Maan,Al Petra,Al Petra,Al Buraq
Maan,Al Petra,Al Petra,Jabal Al Madhbah
Maan,Al Petra,Al Petra,Ash Sharah
Maan,Al Petra,Al Petra,Raas Mulayh
Maan,Al Petra,Al Petra,Khirbat Badibda
Maan,Al Petra,Al Petra,Al Ma7zul
Maan,Al Shobak,Al Shobak,Rujm Tal3at Az Zalmaa
Maan,Al Shobak,Al Shobak,Raas al Qubur
Maan,Al Shobak,Al Shobak,Bir Ad Dabbaghat
Maan,Al Shobak,Al Shobak,Al Hulaylah
Maan,Al Shobak,Al Shobak,Umm Sawwanah
Maan,Al Shobak,Al Shobak,Bir Abu Al 3laq
Maan,Al Shobak,Al Shobak,Nijil
Maan,Al Shobak,Al Shobak,Khirbat Ad Dawsaq
Maan,Al Shobak,Al Shobak,Gharqa
Ajloun,Kufr Anja,Kufr Anja,Jabal al Mubarrad
Ajloun,Kufr Anja,Kufr Anja,Tall al Kharabah
Ajloun,Kufr Anja,Kufr Anja,Tall As Sumayhiyat
Ajloun,Kufr Anja,Kufr Anja,Jabal al Hutah
Maan,Al Shobak,Al Shobak,Sihan
Maan,Al Shobak,Al Shobak,Ibn Dhib
Maan,Al Shobak,Al Shobak,Al Arzah
Maan,Al Shobak,Al Shobak,Bada
Madaba,Qasabat Madaba,Al Faisaleyah,Ad Dabalik
Madaba,Qasabat Madaba,Al Faisaleyah,Kufayr Al Wakhyan
Madaba,Qasabat Madaba,Madaba,At Taym
Madaba,Qasabat Madaba,Madaba,Kufayrat Abu Kinan
Madaba,Qasabat Madaba,Maeen,Khirbat Al Kharshah
Madaba,Theeban,Al Areed,Abu Thuhur
Madaba,Qasabat Madaba,Maeen,Al Wala
Madaba,Qasabat Madaba,Maeen,Al Hawayah
Madaba,Qasabat Madaba,Maeen,Al Kharshah
Madaba,Theeban,Al Areed,Al Hirsh
Madaba,Theeban,Al Areed,Mudallalah
Madaba,Theeban,Al Areed,Sharifat Al Khalakhil
Madaba,Theeban,Al Areed,Suhayy Al Khatatibah
Madaba,Theeban,Al Areed,As Safiyah
Madaba,Theeban,Al Areed,An Nuqay3ah
Madaba,Theeban,Al Areed,Rujm Az Zaniyah
Madaba,Theeban,Al Areed,Umm Al Awtad
Madaba,Theeban,Al Areed,Sahat Al Qaryah
Madaba,Theeban,Al Areed,Al Hamiyah
Madaba,Theeban,Al Areed,Rujm Al Mashnaqah
Madaba,Theeban,Al Areed,Muhafazat Madaba
Madaba,Theeban,Al Areed,Al Mustadirah
Madaba,Theeban,Al Areed,Al Muhaysin
Madaba,Theeban,Al Areed,Al Buqay3
Madaba,Theeban,Al Areed,Qullat Ash Shin
Madaba,Theeban,Al Areed,Ad Dabbusah
Madaba,Theeban,Al Areed,Al Madashash
Madaba,Theeban,Mleah,Qimmat Abu al Hussien
Madaba,Theeban,Mleah,Umm Tinah
Madaba,Theeban,Theeban,Al Bad7iyah
Madaba,Theeban,Theeban,Khirbat As Sa7ilah
Madaba,Theeban,Theeban,Rujaym Salim
Madaba,Theeban,Theeban,Ammuriya
Mafraq,Al Ruwaished,Al Ruwaished,Al Marmadah
Mafraq,Al Ruwaished,Al Ruwaished,Maqta3 D7ayl Al Faras
Mafraq,Al Ruwaished,Al Ruwaished,Muhafazat Al Mafraq
Mafraq,Al Ruwaished,Al Ruwaished,Khirbat Ash Shubaykah
Mafraq,Al Ruwaished,Al Ruwaished,Harrat Ar Rujaylah
Mafraq,Al Ruwaished,Al Ruwaished,Ghamad Al Ghusayn
Mafraq,Al Ruwaished,Al Ruwaished,Al Miqat
Mafraq,Al Ruwaished,Al Ruwaished,Mahattat Al Jufur
Mafraq,Al Badiah Al Shamaliyah,Al Salihia,Ad Dubay3iyah
Mafraq,Al Badiah Al Shamaliyah,Al Salihia,Harrat Mushanshal
Mafraq,Al Badiah Al Shamaliyah,Sabha,Rukays
Mafraq,Al Badiah Al Shamaliyah,Um Al Jimal,Khirbat Al Arnab
Mafraq,Al Badiah Al Shamaliyah,Um Al Qutaien,Khirbat As Sa3adah
Mafraq,Al Badiah Al Shamaliyah Al Gharbiyah,Al Khaldyah,Abu Gharah
Mafraq,Al Badiah Al Shamaliyah Al Gharbiyah,Al Khaldyah,Khirbat An Nuriyah
Mafraq,Al Badiah Al Shamaliyah Al Gharbiyah,Hosha,Al Madhbah
Mafraq,Qasabat Al Mafraq,Balama,Wadi Az Zulayl
Mafraq,Qasabat Al Mafraq,Balama,Khirbat Wada3ah
Mafraq,Qasabat Al Mafraq,Balama,Raas Wadi As Saqrah
Mafraq,Qasabat Al Mafraq,Balama,Nuqayb Al Bawl
Mafraq,Qasabat Al Mafraq,Balama,Al Mutillah
Mafraq,Qasabat Al Mafraq,Erhab,Umm Kharrubah
Mafraq,Qasabat Al Mafraq,Erhab,Khunayzir
Zarqa,Qasabat Al Zarqa,Beerain,Urqub Abu al Fatais
Zarqa,Qasabat Al Zarqa,Al Dhilail,Al Nasreiah
Zarqa,Ar Rusayfa,ArRusayfa,Awjan al Gharbi
Zarqa,Qasabat Al Zarqa,Al Dhilail,Khirbat Khanna
Zarqa,Qasabat Al Zarqa,Al Dhilail,Dab3an El Mashagbeh
Zarqa,Qasabat Al Zarqa,Zarqa,Awjan Ash Shamali
Zarqa,Qasabat Al Zarqa,Zarqa,Khirbat Juraybah
Zarqa,Qasabat Al Zarqa,Zarqa,Urqub As Samman
Zarqa,Qasabat Al Zarqa,Zarqa,Khirbat Shawmar
Zarqa,Qasabat Al Zarqa,Zarqa,Iraq Abu Az Zighan
Zarqa,Qasabat Al Zarqa,Zarqa,Az Zawahreh
Zarqa,Qasabat Al Zarqa,Zarqa,Muhafazat Zarqa
Zarqa,Qasabat Al Zarqa,Beerain,Sabir
Zarqa,Qasabat Al Zarqa,Beerain,Sarrut
Zarqa,Qasabat Al Zarqa,Beerain,Al Adhmah
Zarqa,Qasabat Al Zarqa,Beerain,Jabal Al Ulu
Zarqa,Qasabat Al Zarqa,Beerain,Al Makhzat
Zarqa,Qasabat Al Zarqa,Azraq,Umm Nukhaylah
Zarqa,Qasabat Al Zarqa,Azraq,Qasr Usaykhim
Zarqa,Qasabat Al Zarqa,Azraq,Rujm Fuhud
Zarqa,Qasabat Al Zarqa,Azraq,Al Habbabiyah
Zarqa,Qasabat Al Zarqa,Azraq,Al Ghamr
Zarqa,Al Hashimiya,Al Hashimiya,Jurat As Salamah
Zarqa,Al Hashimiya,Al Hashimiya,Khirbat Makhul
Zarqa,Al Hashimiya,Al Hashimiya,Wadi As Si3ah
Zarqa,Al Hashimiya,Al Hashimiya,Abu As Salih
Zarqa,Al Hashimiya,Al Hashimiya,Ma3amel At Toob
Ajloun,Qasabat  Ajloun,Qasabat  Ajloun,Khirbat Al Mansurah
Ajloun,Qasabat  Ajloun,Qasabat  Ajloun,Khirbat Al Mushayrifah
Ajloun,Qasabat  Ajloun,Arjan,Khirbat Afna
Balqa,Ash Shuna Al Janoubyah,Ash Shuna Al Janoubyah,Al Mazar
Aqabah,Qasabat Al Aqabah,Al Aqabah,Ad Durrah
Aqabah,Qasabat Al Aqabah,Wadi Araba,Makhfar Gharandal
Karak,Al Mazar Al Janoubi,Al Mazar Al Janoubi,Al Bahr
Karak,Al Mazar Al Janoubi,Al Mazar Al Janoubi,Khirbat At Tur
Karak,Al Mazar Al Janoubi,Al Mazar Al Janoubi,Khirbat Zabdah
Karak,Al Mazar Al Janoubi,Moab,Nakhal
Amman,Al Jamiah,Al Jamiah,Khirbat Rujm Ash Shawk
Amman,Al Jiza,Al Jiza,Daba3ah
Amman,Al Jiza,Al Jiza,Mahaaif Az Zabaair
Amman,Marka,Marka,Al Mahattah
Amman,Marka,Marka,Rujm Al Mudawwarah
Tafilah,Al Hasa,Al Hasa,Qasr Al Bint
Tafilah,Al Hasa,Al Hasa,Mashru3 Tawtin Al Badu
Tafilah,Tafilah,Tafilah,Khirbat As Sahbaniyah
Tafilah,Tafilah,Tafilah,Khirbat As Sila3
Tafilah,Tafilah,Tafilah,Khirbat Furayj
Tafilah,Tafilah,Tafilah,Khirbat as Sab3ah
Irbid,Al Aghwar Al Shamalyah,Al Aghwar Al Shamalyah,Khirbat Falah
Irbid,Al Aghwar Al Shamalyah,Al Aghwar Al Shamalyah,Khirbat Ash Shaykh Mohammed
Irbid,Al Aghwar Al Shamalyah,Al Aghwar Al Shamalyah,Khirbat Marqa3ah
Irbid,Al Koura,Al Koura,Khirbat Tha3laa
Irbid,Al Koura,Al Koura,Khirbat Umaydat
Irbid,Al Koura,Al Koura,Marhaba
Irbid,Al Mazar Ash Shamali,Al Mazar Ash Shamali,Khirbat Al Marama
Irbid,At Tayba,At Tayba,Khirbat al Mushayrifah
Irbid,Bani Kinana,Bani Kinana,Khirbat Qaraqush
Irbid,Bani Obayd,Bani Obayd,Khirbat Al Kufayrat
Madaba,Qasabat Madaba,Maeen,Al Hammah As Samraa
Madaba,Theeban,Al Areed,Raas Al Ghawr
Madaba,Theeban,Al Areed,Al Hammah As Samraa
Irbid,Al Koura,Al Koura,Khirbat Al Maqlub
Mafraq,Al Badiah Al Shamaliyah,Um Al Jimal,Khirbat Umayrah
Mafraq,Al Badiah Al Shamaliyah Al Gharbiyah,Sama As Sarhan,Khirbat Sumyia
Mafraq,Qasabat Al Mafraq,Balama,Khirbat Al Mukhayzin
Mafraq,Qasabat Al Mafraq,Erhab,Mushayrifah Ash Sharqiyah
Zarqa,Qasabat Al Zarqa,Zarqa,Janna3h
Zarqa,Qasabat Al Zarqa,Zarqa,Khirbat Khaww
Jarash,Qasabat Jarash,Al Mastaba,Rujm Al Madba3ah
Zarqa,Qasabat Al Zarqa,Azraq,Azraq Ash Shishan
Ajloun,Qasabat  Ajloun,Qasabat  Ajloun,Jilaad
Ajloun,Qasabat  Ajloun,Arjan,Khirbat Shin
Balqa,Ayn Al Basha,Ayn Al Basha,Khirbat Ash Shubbak
Balqa,Ayn Al Basha,Ayn Al Basha,Rujm Ash Shajarah
Balqa,Ayn Al Basha,Ayn Al Basha,Umm Tall
Balqa,Deir Alla,Deir Alla,Mazar Abu Ubaydah
Balqa,Mahis Wa Al Fuhays,Mahis Wa Al Fuhays,Khirbat Al Muqbilah
Karak,Ayy,Ayy,Khirbat Ar Rusayfah
Balqa,Qasabat As Salt,Al Arda,Urqoub Rashid
Balqa,Qasabat As Salt,As Salt,Khirbat Umm Rummanah
Amman,Al Quaysmh,Al Quaysmh,Qurayyat Nafi3
Balqa,Qasabat As Salt,As Salt,Khirbat al Qabw
Karak,Al Aghwar Al Janoobiyah,Ghawr Al Safi,Al Mashnaqah
Karak,Al Qasr,Al Qasr,As Samraa
Karak,Al Qatrana,Al Qatrana,Khirbat Al Askar
Karak,Fqou,Fqou,Ar Raas
Karak,Qasabat Al Karak,Al Karak,Al Fityan
Amman,Al Jamiah,Al Jamiah,Khilda
Amman,Al Jamiah,Al Jamiah,Rujm Shajarat al Hunayti
Amman,Al Jamiah,Al Jamiah,Khirbat Al Kawm
Amman,Al Jamiah,Al Jamiah,Yajuz
Amman,Al Jamiah,Al Jamiah,Al Marbat
Amman,Al Quaysmh,Al Quaysmh,Al Hanaaifah
Amman,Naaur,Um Al Basatin,Al Hawwasiyah
Amman,Naaur,Um Al Basatin,Bayt Zir3ah
Tafilah,Tafilah,Tafilah,Ad Duwaykhilah
Tafilah,Tafilah,Tafilah,Khirbat Al Qarn
Tafilah,Busayrah,Busayrah,Ruwath
Tafilah,Busayrah,Busayrah,Ruwath
Irbid,Al Aghwar Al Shamalyah,Al Aghwar Al Shamalyah,Khirbat al Qarn
Irbid,Al Aghwar Al Shamalyah,Al Aghwar Al Shamalyah,Khirbat Sharhabeel
Irbid,Al Aghwar Al Shamalyah,Al Aghwar Al Shamalyah,Khirbat As Sasiyah
Irbid,Al Aghwar Al Shamalyah,Al Aghwar Al Shamalyah,Al Mashariqah
Irbid,Ar Ramtha,Ar Ramtha,Al Buwayb
Ajloun,Kufr Anja,Kufr Anja,Tall Habib
Maan,Qasabat Maan,Ail,Ad Dinariyah
Maan,Qasabat Maan,Al Muraygha,As Samaqah
Maan,Al Husayniyya,Al Husayniyya,Ad Da3janiyah
Maan,Al Petra,Al Petra,Jabal al Jilf
Madaba,Qasabat Madaba,Maeen,Rujm Al Murayjib
Mafraq,Al Badiah Al Shamaliyah Al Gharbiyah,Al Khaldyah,Khirbat Al Mushrif
Amman,Qasabat Amman,Al Madinah,Abdun
Amman,Qasabat Amman,Al Madinah,Amman
Mafraq,Qasabat Al Mafraq,Balama,Gharisah
Zarqa,Qasabat Al Zarqa,Beerain,Al Masarrah
Maan,Qasabat Maan,Maan,Al Awaynah
Zarqa,Al Hashimiya,Al Hashimiya,Mawzah
Balqa,Deir Alla,Deir Alla,As Sawalihah
Madaba,Theeban,Al Areed,An Naqb
Amman,Marka,Marka,Tabarbawr
Balqa,Ash Shuna Al Janoubyah,Ash Shuna Al Janoubyah,Shunat Nimrin
Balqa,Ayn Al Basha,Ayn Al Basha,Ayn Khunayzir
Balqa,Deir Alla,Deir Alla,Khirbat Abu Najrah
Aqabah,Qasabat Al Aqabah,Wadi Araba,Naqb Ar Ruba3i
Karak,Al Mazar Al Janoubi,Al Mazar Al Janoubi,Khirbat Al Dier
Amman,Al Jamiah,Al Jamiah,Al Hummar
Karak,Al Mazar Al Janoubi,Al Mazar Al Janoubi,Khirbat Madinat Ar Raas
Karak,Qasabat Al Karak,Al Karak,Khirbat Ÿêl Kannar
Karak,Qasabat Al Karak,Al Karak,Al Mazarib
Karak,Qasabat Al Karak,Al Karak,Az Zarraah
Karak,Qasabat Al Karak,Al Karak,Khirbat Zabbubah
Amman,Al Jamiah,Al Jamiah,Khirbat Assaf
Amman,Al Jamiah,Al Jamiah,Suwaylih
Amman,Al Jamiah,Al Jamiah,Um Al Sommaq
Amman,Naaur,Husban,Sumyia
Amman,Qasabat Amman,Al Madinah,Al Haddadah
Irbid,Al Aghwar Al Shamalyah,Al Aghwar Al Shamalyah,Mohammed Salih
Jarash,Qasabat Jarash,Jarash,Khirbat Al Kawm
Irbid,Ar Ramtha,Ar Ramtha,Al Muh7
Jarash,Qasabat Jarash,Jarash,Khirbat Ash Shawahid
Maan,Qasabat Maan,Ail,Jabal Bastah
Maan,Qasabat Maan,Al Jafr,Qulban Bani Murrah
Maan,Al Petra,Al Petra,An Nuwayqah
Maan,Al Petra,Al Petra,Khirbat al Maghar
Maan,Al Shobak,Al Shobak,Al Buqah
Maan,Al Shobak,Al Shobak,Khirbat as Samraa
Madaba,Qasabat Madaba,Maeen,Zumaylat Tur Al Mujaddirin
Madaba,Qasabat Madaba,Maeen,Khirbat As Safraa
Mafraq,Al Badiah Al Shamaliyah,Um Al Qutaien,Al Mukayfitah Ash Sharqiyah
Madaba,Theeban,Al Areed,Qusayb
Balqa,Qasabat As Salt,As Salt,Khirbat al Qasr
Aqabah,Qasabat Al Aqabah,Al Aqabah,Askan Al Minaa
Aqabah,Qasabat Al Aqabah,Al Aqabah,Tall Al Khulayfah
Aqabah,Qasabat Al Aqabah,Al Aqabah,Tall Al Khalifah
Aqabah,Qasabat Al Aqabah,Wadi Araba,Maqta3 Ruaus Al Manja3ah
Karak,Al Mazar Al Janoubi,Moab,Al Mantarah
Karak,Ayy,Ayy,Al Umyan
Amman,Qasabat Amman,Al Madinah,Urjan Al Sharqiyah
Irbid,Bani Kinana,Bani Kinana,Khirbat Al Qabw
Irbid,Ar Ramtha,Ar Ramtha,Iraq Al 3abd
Maan,Al Shobak,Al Shobak,Bir At Tafi
Maan,Al Shobak,Al Shobak,Al Kur
Ajloun,Kufr Anja,Kufr Anja,Khirbt An Nilah
Maan,Al Shobak,Al Shobak,Al Khuraybah
Madaba,Theeban,Theeban,Al Halq
Zarqa,Ar Rusayfa,ArRusayfa,Ar Rusayfah
Zarqa,Qasabat Al Zarqa,Zarqa,Awjan Ash Sharqi