adm0_name,adm1_name,adm2_name,adm3_name,adm4_name
North,Ajlun Governorate,Kufranja,Kufranja,Rajeb
North,Ajlun Governorate,Kufranja,Kufranja,Safienh
North,Ajlun Governorate,Kufranja,Kufranja,Ballas
North,Ajlun Governorate,Kufranja,Kufranja,Kufranjah
North,Ajlun Governorate,Kufranja,Kufranja,Nubah
North,Ajlun Governorate,Kufranja,Kufranja,Oqdeh
North,Ajlun Governorate,Kufranja,Kufranja,Ka'b El-Malol
North,Ajlun Governorate,Kufranja,Kufranja,Um Erramel
North,Ajlun Governorate,Kufranja,Kufranja,Berkeh
North,Ajlun Governorate,Kufranja,Kufranja,Thagret Zebaid
North,Ajlun Governorate,Kufranja,Kufranja,Harth
North,Ajlun Governorate,Qasabat Ajloun,Ajloun,Shkarah
North,Ajlun Governorate,Qasabat Ajloun,Ajloun,Fakhreh
North,Ajlun Governorate,Qasabat Ajloun,Ajloun,Kerbet Essooq
North,Ajlun Governorate,Qasabat Ajloun,Ajloun,Zarra'ah
North,Ajlun Governorate,Qasabat Ajloun,Ajloun,Sakhneh
North,Ajlun Governorate,Qasabat Ajloun,Ajloun,Anjarah
North,Ajlun Governorate,Qasabat Ajloun,Ajloun,Wahadneh
North,Ajlun Governorate,Qasabat Ajloun,Ajloun,Ajlun
North,Ajlun Governorate,Qasabat Ajloun,Ajloun,Ain Janna
North,Ajlun Governorate,Qasabat Ajloun,Ajloun,Dair Smadiyyeh Janoobi
North,Ajlun Governorate,Qasabat Ajloun,Ajloun,Dair Smadiyyeh Shamali
North,Ajlun Governorate,Qasabat Ajloun,Ajloun,Shtafaina
North,Ajlun Governorate,Qasabat Ajloun,Ajloun,Mehnah
North,Ajlun Governorate,Qasabat Ajloun,Ajloun,Tayyarah
North,Ajlun Governorate,Qasabat Ajloun,Ajloun,Halawah
North,Ajlun Governorate,Qasabat Ajloun,Ajloun,Gabal Aghdar
North,Ajlun Governorate,Qasabat Ajloun,Ajloun,Keshiebeh El-Foqa'
North,Ajlun Governorate,Qasabat Ajloun,Ajloun,Hashemiyyeh
North,Ajlun Governorate,Qasabat Ajloun,Ajloun,Sowwan
North,Ajlun Governorate,Qasabat Ajloun,Ajloun,Sofsafan
North,Ajlun Governorate,Qasabat Ajloun,Ajloun,Um El-Yanabie'
North,Ajlun Governorate,Qasabat Ajloun,Ajloun,Oasarah
North,Ajlun Governorate,Qasabat Ajloun,Ajloun,Ba'oon
North,Ajlun Governorate,Qasabat Ajloun,Ajloun,Rasoon
North,Ajlun Governorate,Qasabat Ajloun,Ajloun,Ebellien
North,Ajlun Governorate,Qasabat Ajloun,Ajloun,Ebbien
North,Ajlun Governorate,Qasabat Ajloun,Arjan,Sena'ar
North,Ajlun Governorate,Qasabat Ajloun,Arjan,Asiem
North,Ajlun Governorate,Qasabat Ajloun,Arjan,Bier Eddalyeh
North,Ajlun Governorate,Qasabat Ajloun,Arjan,Merjam
North,Ajlun Governorate,Qasabat Ajloun,Arjan,Orjan
North,Ajlun Governorate,Qasabat Ajloun,Arjan,Dair El-Barak
North,Ajlun Governorate,Qasabat Ajloun,Arjan,Ras Munif
North,Ajlun Governorate,Qasabat Ajloun,Arjan,Samta
North,Ajlun Governorate,Qasabat Ajloun,Sakhrah,Sakhrah
Central,Al Balqa Governorate,Ash Shuna Al Janoubyah,Ash Shuna Al Janoubyah,Swaimeh
Central,Al Balqa Governorate,Ash Shuna Al Janoubyah,Ash Shuna Al Janoubyah,Ramah
Central,Al Balqa Governorate,Ash Shuna Al Janoubyah,Ash Shuna Al Janoubyah,Joafet El-Kafrain
Central,Al Balqa Governorate,Ash Shuna Al Janoubyah,Ash Shuna Al Janoubyah,Shoonah Janoobiyah
Central,Al Balqa Governorate,Ash Shuna Al Janoubyah,Ash Shuna Al Janoubyah,Karamah
Central,Al Balqa Governorate,Ash Shuna Al Janoubyah,Ash Shuna Al Janoubyah,Kafrain
Central,Al Balqa Governorate,Ash Shuna Al Janoubyah,Ash Shuna Al Janoubyah,Roudhah
Central,Al Balqa Governorate,Ash Shuna Al Janoubyah,Ash Shuna Al Janoubyah,Shoonah Jadideh (Sokneh)
Central,Al Balqa Governorate,Ayn Al Basha,Ayn Al Basha,Safoot
Central,Al Balqa Governorate,Ayn Al Basha,Ayn Al Basha,Ain El-Basha
Central,Al Balqa Governorate,Ayn Al Basha,Ayn Al Basha,Baq'ah
Central,Al Balqa Governorate,Ayn Al Basha,Ayn Al Basha,Karet Abu Nsair
Central,Al Balqa Governorate,Ayn Al Basha,Ayn Al Basha,Heno
Central,Al Balqa Governorate,Ayn Al Basha,Ayn Al Basha,Um Edananier
Central,Al Balqa Governorate,Ayn Al Basha,Ayn Al Basha,Abu Hamed
Central,Al Balqa Governorate,Ayn Al Basha,Ayn Al Basha,Moobes
Central,Al Balqa Governorate,Ayn Al Basha,Ayn Al Basha,Saleehi
Central,Al Balqa Governorate,Ayn Al Basha,Ayn Al Basha,Romman
Central,Al Balqa Governorate,Ayn Al Basha,Ayn Al Basha,Jaidiyyeh
Central,Al Balqa Governorate,Ayn Al Basha,Ayn Al Basha,Salhoob
Central,Al Balqa Governorate,Ayn Al Basha,Ayn Al Basha,Shewahi El-Gharbi
Central,Al Balqa Governorate,Ayn Al Basha,Ayn Al Basha,Um Njasah
Central,Al Balqa Governorate,Ayn Al Basha,Ayn Al Basha,Sahlooliyyeh
Central,Al Balqa Governorate,Ayn Al Basha,Ayn Al Basha,Um Sendyaneh
Central,Al Balqa Governorate,Deir Alla,Deir Alla,Ghour Kebed
Central,Al Balqa Governorate,Deir Alla,Deir Alla,Damia
Central,Al Balqa Governorate,Deir Alla,Deir Alla,M'addi
Central,Al Balqa Governorate,Deir Alla,Deir Alla,Twal Janoobi
Central,Al Balqa Governorate,Deir Alla,Deir Alla,Abu Ezzighan
Central,Al Balqa Governorate,Deir Alla,Deir Alla,Dair Alla
Central,Al Balqa Governorate,Deir Alla,Deir Alla,Dherar
Central,Al Balqa Governorate,Deir Alla,Deir Alla,Khazma
Central,Al Balqa Governorate,Deir Alla,Deir Alla,Balaooneh
Central,Al Balqa Governorate,Deir Alla,Deir Alla,Muthallath El-Masri
Central,Al Balqa Governorate,Deir Alla,Deir Alla,Muthallath El-Ardhah
Central,Al Balqa Governorate,Deir Alla,Deir Alla,Twal Shamali
Central,Al Balqa Governorate,Deir Alla,Deir Alla,Debab
Central,Al Balqa Governorate,Deir Alla,Deir Alla,Dhahret Erramel
Central,Al Balqa Governorate,Deir Alla,Deir Alla,Maisarat Fannosh
Central,Al Balqa Governorate,Deir Alla,Deir Alla,Rwaihah
Central,Al Balqa Governorate,Mahis Wa Al Fuhays,Mahis Wa Al Fuhays,Mahes
Central,Al Balqa Governorate,Mahis Wa Al Fuhays,Mahis Wa Al Fuhays,Fuhais
Central,Al Balqa Governorate,Qasabat As Salt,Al Arda,Haqawah
Central,Al Balqa Governorate,Qasabat As Salt,Al Arda,Maisarah
Central,Al Balqa Governorate,Qasabat As Salt,Al Arda,Sbaihi
Central,Al Balqa Governorate,Qasabat As Salt,Al Arda,Bayyoodah Gharbiyyeh
Central,Al Balqa Governorate,Qasabat As Salt,Al Arda,Jarriesh
Central,Al Balqa Governorate,Qasabat As Salt,Al Arda,Elaiqoon
Central,Al Balqa Governorate,Qasabat As Salt,Al Arda,Bayyoodhah Shamaliyyeh
Central,Al Balqa Governorate,Qasabat As Salt,Al Arda,Dhraissat
Central,Al Balqa Governorate,Qasabat As Salt,Al Arda,Qsaib
Central,Al Balqa Governorate,Qasabat As Salt,Al Arda,Bayyoodah Sharqiyyeh
Central,Al Balqa Governorate,Qasabat As Salt,Al Arda,Khashfeh
Central,Al Balqa Governorate,Qasabat As Salt,Al Arda,Azab
Central,Al Balqa Governorate,Qasabat As Salt,Al Arda,Bwaib
Central,Al Balqa Governorate,Qasabat As Salt,Alan Wa Zay,Siehan
Central,Al Balqa Governorate,Qasabat As Salt,Alan Wa Zay,Da'am
Central,Al Balqa Governorate,Qasabat As Salt,Alan Wa Zay,Sala'of
Central,Al Balqa Governorate,Qasabat As Salt,Alan Wa Zay,Rmemen
Central,Al Balqa Governorate,Qasabat As Salt,Alan Wa Zay,Um El-Amad
Central,Al Balqa Governorate,Qasabat As Salt,Alan Wa Zay,Diereh Sharqiyyeh
Central,Al Balqa Governorate,Qasabat As Salt,Alan Wa Zay,Allan
Central,Al Balqa Governorate,Qasabat As Salt,Alan Wa Zay,Jal'ad
Central,Al Balqa Governorate,Qasabat As Salt,Alan Wa Zay,Soomia
Central,Al Balqa Governorate,Qasabat As Salt,Alan Wa Zay,Waseah
Central,Al Balqa Governorate,Qasabat As Salt,Alan Wa Zay,Zayy
Central,Al Balqa Governorate,Qasabat As Salt,Alan Wa Zay,Um Jauzeh
Central,Al Balqa Governorate,Qasabat As Salt,Alan Wa Zay,Msherfah
Central,Al Balqa Governorate,Qasabat As Salt,Alan Wa Zay,Diereh Gharbiyyeh
Central,Al Balqa Governorate,Qasabat As Salt,As Salt,Salt
Central,Al Balqa Governorate,Qasabat As Salt,As Salt,Yazeediyyeh
Central,Al Balqa Governorate,Qasabat As Salt,As Salt,Modari
Central,Al Balqa Governorate,Qasabat As Salt,As Salt,Wadi Essahn
Central,Al Balqa Governorate,Qasabat As Salt,As Salt,Hdaib
Central,Al Balqa Governorate,Qasabat As Salt,As Salt,Wadi Ennaqah
Central,Al Balqa Governorate,Qasabat As Salt,As Salt,Za'tari
Central,Al Balqa Governorate,Qasabat As Salt,As Salt,Um Karubah
Central,Al Balqa Governorate,Qasabat As Salt,Ira Wa Yarqa,Yarqa
Central,Al Balqa Governorate,Qasabat As Salt,Ira Wa Yarqa,Ira
Central,Al Balqa Governorate,Qasabat As Salt,Ira Wa Yarqa,Wadi Sho'aib
South,Al Aqabah Governorate,Qasabat Al Aqabah,Al Aqabah,Kaldi
South,Al Aqabah Governorate,Qasabat Al Aqabah,Al Aqabah,Teten
South,Al Aqabah Governorate,Qasabat Al Aqabah,Al Aqabah,Aqaba
South,Al Aqabah Governorate,Qasabat Al Aqabah,Al Aqabah,Re'a Sa'adeh
South,Al Aqabah Governorate,Qasabat Al Aqabah,Al Aqabah,Mezfer
South,Al Aqabah Governorate,Qasabat Al Aqabah,Wadi Araba,Qatar
South,Al Aqabah Governorate,Qasabat Al Aqabah,Wadi Araba,Rahmah
South,Al Aqabah Governorate,Qasabat Al Aqabah,Wadi Araba,Gharandal
South,Al Aqabah Governorate,Qasabat Al Aqabah,Wadi Araba,Reisheh
South,Al Aqabah Governorate,Qasabat Al Aqabah,Wadi Araba,Beir Mathkoor
South,Al Aqabah Governorate,Qasabat Al Aqabah,Wadi Araba,Qraiqreh
South,Al Aqabah Governorate,Qasabat Al Aqabah,Wadi Araba,Fienan
South,Al Aqabah Governorate,Al Quwayra,Al Daysah,Ghal
South,Al Aqabah Governorate,Al Quwayra,Al Quwayra,Rum
South,Al Aqabah Governorate,Al Quwayra,Al Quwayra,Mnaishier
South,Al Aqabah Governorate,Al Quwayra,Al Quwayra,Taweel
South,Al Aqabah Governorate,Al Quwayra,Al Quwayra,Diesah
South,Al Aqabah Governorate,Al Quwayra,Al Quwayra,Twaiseh
South,Al Aqabah Governorate,Al Quwayra,Al Quwayra,Mojamma' Eshahenat
South,Al Aqabah Governorate,Al Quwayra,Al Quwayra,Shakriyyeh
South,Al Aqabah Governorate,Al Quwayra,Al Quwayra,Sallheiah
South,Al Aqabah Governorate,Al Quwayra,Al Quwayra,Rashdyah
South,Al Aqabah Governorate,Al Quwayra,Al Quwayra,Quairah
South,Al Aqabah Governorate,Al Quwayra,Al Quwayra,Hmaimieh Jadiedeh
South,Al Aqabah Governorate,Al Quwayra,Al Quwayra,Dabbet Hanoot
South,Al Aqabah Governorate,Al Quwayra,Al Quwayra,Asaleah
South,Al Aqabah Governorate,Al Quwayra,Al Quwayra,Hmaimieh
South,Al Aqabah Governorate,Al Quwayra,Al Quwayra,Um El-Bsateen
South,Al Karak Governorate,Aghwar Janoobiyah,Ghawr Al Mazr'ha,Ghawr Dra'
South,Al Karak Governorate,Aghwar Janoobiyah,Ghawr Al Mazr'ha,Ghawr Almazra'a
South,Al Karak Governorate,Aghwar Janoobiyah,Ghawr Al Mazr'ha,Blaidet Almazra'a
South,Al Karak Governorate,Aghwar Janoobiyah,Ghawr Al Mazr'ha,Ghawr Hadiethah
South,Al Karak Governorate,Aghwar Janoobiyah,Ghawr Al Mazr'ha,Blaidet Hadiethah
South,Al Karak Governorate,Aghwar Janoobiyah,Ghawr Al Safi,Ghawr Assal
South,Al Karak Governorate,Aghwar Janoobiyah,Ghawr Al Safi,Mamorah
South,Al Karak Governorate,Aghwar Janoobiyah,Ghawr Al Safi,Ghawr Faifa
South,Al Karak Governorate,Aghwar Janoobiyah,Ghawr Al Safi,Ghawr Safi
South,Al Karak Governorate,Al Qasr,Al Qasr,Rabbah
South,Al Karak Governorate,Al Qasr,Al Qasr,Hmood
South,Al Karak Governorate,Al Qasr,Al Qasr,Demnah
South,Al Karak Governorate,Al Qasr,Al Qasr,Yaroot
South,Al Karak Governorate,Al Qasr,Al Qasr,Smakiyyeh
South,Al Karak Governorate,Al Qasr,Al Qasr,Qasr
South,Al Karak Governorate,Al Qasr,Al Qasr,Sheehan
South,Al Karak Governorate,Al Qasr,Al Qasr,Rawdah
South,Al Karak Governorate,Al Qasr,Al Qasr,Rashadeih
South,Al Karak Governorate,Al Qasr,Al Mawjib,Jada'
South,Al Karak Governorate,Al Qasr,Al Mawjib,Mes'ar
South,Al Karak Governorate,Al Qasr,Al Mawjib,Mghayyer
South,Al Karak Governorate,Al Qasr,Al Mawjib,Abu Trabah
South,Al Karak Governorate,Al Qasr,Al Mawjib,Riha
South,Al Karak Governorate,Al Qasr,Al Mawjib,Alyeh
South,Al Karak Governorate,Al Qasr,Al Mawjib,Mowjeb
South,Al Karak Governorate,Al Qatrana,Al Qatrana,Qatraneh
South,Al Karak Governorate,Al Qatrana,Al Qatrana,Sad El-Soltani
South,Al Karak Governorate,Al Qatrana,Al Qatrana,Wadi Abyadh
South,Al Karak Governorate,Al Mazar Al janoubi,Al Mazar,Hamediyyeh
South,Al Karak Governorate,Al Mazar Al janoubi,Al Mazar,Aina
South,Al Karak Governorate,Al Mazar Al janoubi,Al Mazar,Shqaira El-Sharqiyyeh
South,Al Karak Governorate,Al Mazar Al janoubi,Al Mazar,Mhiyy
South,Al Karak Governorate,Al Mazar Al janoubi,Al Mazar,No'aymeh
South,Al Karak Governorate,Al Mazar Al janoubi,Al Mazar,That Ras
South,Al Karak Governorate,Al Mazar Al janoubi,Al Mazar,Hashemiyyeh Janoobiyyeh
South,Al Karak Governorate,Al Mazar Al janoubi,Al Mazar,Baqi'e Srarah
South,Al Karak Governorate,Al Mazar Al janoubi,Al Mazar,Esrarah
South,Al Karak Governorate,Al Mazar Al janoubi,Al Mazar,Jwair
South,Al Karak Governorate,Al Mazar Al janoubi,Al Mazar,Majra
South,Al Karak Governorate,Al Mazar Al janoubi,Al Mazar,Mjaidel
South,Al Karak Governorate,Al Mazar Al janoubi,Al Mazar,Ejhara
South,Al Karak Governorate,Al Mazar Al janoubi,Al Mazar,Hartheyyeh
South,Al Karak Governorate,Al Mazar Al janoubi,Al Mazar,Manshiyyet El-Mazar
South,Al Karak Governorate,Al Mazar Al janoubi,Al Mazar,Isawaiyyeh
South,Al Karak Governorate,Al Mazar Al janoubi,Al Mazar,Omqah
South,Al Karak Governorate,Al Mazar Al janoubi,Al Mazar,Tayybeh
South,Al Karak Governorate,Al Mazar Al janoubi,Al Mazar,Jozeh
South,Al Karak Governorate,Al Mazar Al janoubi,Al Mazar,Sool
South,Al Karak Governorate,Al Mazar Al janoubi,Al Mazar,Dabbakeh
South,Al Karak Governorate,Al Mazar Al janoubi,Al Mazar,Mazar Janoobee
South,Al Karak Governorate,Al Mazar Al janoubi,Al Mazar,Eraq
South,Al Karak Governorate,Al Mazar Al janoubi,Al Mazar,Mo'tah
South,Al Karak Governorate,Al Mazar Al janoubi,Al Mazar,Hadbeh
South,Al Karak Governorate,Al Mazar Al janoubi,Al Mazar,Khokha
South,Al Karak Governorate,Al Mazar Al janoubi,Al Mazar,Shariefeh
South,Al Karak Governorate,Al Mazar Al janoubi,Al Mazar,Shqaira El-Gharbiyyeh
South,Al Karak Governorate,Al Mazar Al janoubi,Al Mazar,Talbiyyeh
South,Al Karak Governorate,Al Mazar Al janoubi,Al Mazar,Um El-Ghozlan
South,Al Karak Governorate,Al Mazar Al janoubi,Al Mazar,Um El-Khanazeer
South,Al Karak Governorate,Al Mazar Al janoubi,Al Mazar,Um El-Yanabi'e
South,Al Karak Governorate,Al Mazar Al janoubi,Al Mazar,Dabbeh
South,Al Karak Governorate,Al Mazar Al janoubi,Al Mazar,Dahriyyeh
South,Al Karak Governorate,Al Mazar Al janoubi,Mo'ab,Husseiniyyeh
South,Al Karak Governorate,Al Mazar Al janoubi,Mo'ab,Um Hamat
South,Al Karak Governorate,Al Mazar Al janoubi,Mo'ab,Khaldiyyeh
South,Al Karak Governorate,Al Mazar Al janoubi,Mo'ab,Faisaliyyeh
South,Al Karak Governorate,Al Mazar Al janoubi,Mo'ab,Omariyyeh
South,Al Karak Governorate,Al Mazar Al janoubi,Mo'ab,Kaderiyyeh
South,Al Karak Governorate,Ayy,Ayy,Ayy
South,Al Karak Governorate,Ayy,Ayy,Kathrabba
South,Al Karak Governorate,Ayy,Ayy,Joza
South,Al Karak Governorate,Ayy,Ayy,Joza
South,Al Karak Governorate,Ayy,Ayy,Joza
South,Al Karak Governorate,Ayy,Ayy,Joza
South,Al Karak Governorate,Fqou,Fqou,Serfa
South,Al Karak Governorate,Fqou,Fqou,Majdoleen
South,Al Karak Governorate,Fqou,Fqou,Emra'
South,Al Karak Governorate,Fqou,Fqou,Faqo'e
South,Al Karak Governorate,Fqou,Fqou,Shahtoor
South,Al Karak Governorate,Fqou,Fqou,Zahra'
South,Al Karak Governorate,Qasabat Al Karak,Al Karak,Merwed
South,Al Karak Governorate,Qasabat Al Karak,Al Karak,Median
South,Al Karak Governorate,Qasabat Al Karak,Al Karak,Mshairfeh
South,Al Karak Governorate,Qasabat Al Karak,Al Karak,Ghwair
South,Al Karak Governorate,Qasabat Al Karak,Al Karak,Ma'mooniyyeh
South,Al Karak Governorate,Qasabat Al Karak,Al Karak,Ainoon
South,Al Karak Governorate,Qasabat Al Karak,Al Karak,Azezieh
South,Al Karak Governorate,Qasabat Al Karak,Al Karak,Karak
South,Al Karak Governorate,Qasabat Al Karak,Al Karak,Thaniyyeh
South,Al Karak Governorate,Qasabat Al Karak,Al Karak,Zahoom
South,Al Karak Governorate,Qasabat Al Karak,Al Karak,Manshiyyet Abu Hammoor
South,Al Karak Governorate,Qasabat Al Karak,Al Karak,Salhiyyeh
South,Al Karak Governorate,Qasabat Al Karak,Al Karak,Samra
South,Al Karak Governorate,Qasabat Al Karak,Al Karak,Ader
South,Al Karak Governorate,Qasabat Al Karak,Al Karak,Sakka
South,Al Karak Governorate,Qasabat Al Karak,Al Karak,Qraifleh
South,Al Karak Governorate,Qasabat Al Karak,Al Karak,Abdaliyyeh
South,Al Karak Governorate,Qasabat Al Karak,Al Karak,Bathan
South,Al Karak Governorate,Qasabat Al Karak,Al Karak,Baqea'
South,Al Karak Governorate,Qasabat Al Karak,Al Karak,Rakeen
South,Al Karak Governorate,Qasabat Al Karak,Al Karak,Waseiyeh
South,Al Karak Governorate,Qasabat Al Karak,Al Karak,Moomia
South,Al Karak Governorate,Qasabat Al Karak,Al Karak,Lajoon
South,Al Karak Governorate,Qasabat Al Karak,Al Karak,Um Rommaneh
South,Al Karak Governorate,Qasabat Al Karak,Al Karak,Zaghairiyyeh
South,Al Karak Governorate,Qasabat Al Karak,Al Karak,Jadiedh
South,Al Karak Governorate,Qasabat Al Karak,Al Karak,Battier
South,Al Karak Governorate,Qasabat Al Karak,Al Karak,Adnaniyyeh
South,Al Karak Governorate,Qasabat Al Karak,Al Karak,Barada
South,Al Karak Governorate,Qasabat Al Karak,Al Karak,Kamnah
South,Al Karak Governorate,Qasabat Al Karak,Al Karak,Rashdiyyeh
South,Al Karak Governorate,Qasabat Al Karak,Al Karak,Shehabiyyeh
South,Al Karak Governorate,Qasabat Al Karak,Al Karak,Mahmodeyeh
South,Al Karak Governorate,Qasabat Al Karak,Al Karak,Mraighah
South,Al Karak Governorate,Qasabat Al Karak,Al Karak,Houyeh
South,Al Karak Governorate,Qasabat Al Karak,Al Karak,Wadi Ibin Hamad
Central,Amman Governorate,Al Jamiah,Al Jamiah,Swaileh
Central,Amman Governorate,Al Jamiah,Al Jamiah,Jbaiha
Central,Amman Governorate,Al Jamiah,Al Jamiah,Shafa Badran
Central,Amman Governorate,Al Jamiah,Al Jamiah,"Tla'a Alali, Khelda, Um Essommaq"
Central,Amman Governorate,Al Jamiah,Al Jamiah,Eskan Abu Nsair
Central,Amman Governorate,Al Jiza,Al Jiza,Dab`ah
Central,Amman Governorate,Al Jiza,Al Jiza,Za'faran
Central,Amman Governorate,Al Jiza,Al Jiza,Edlayla (Dalielet Mtairat)
Central,Amman Governorate,Al Jiza,Al Jiza,Netel
Central,Amman Governorate,Al Jiza,Al Jiza,Soofa
Central,Amman Governorate,Al Jiza,Al Jiza,Um Qsair
Central,Amman Governorate,Al Jiza,Al Jiza,Manarah
Central,Amman Governorate,Al Jiza,Al Jiza,Zwezia
Central,Amman Governorate,Al Jiza,Al Jiza,Jizeh
Central,Amman Governorate,Al Jiza,Al Jiza,Jlool
Central,Amman Governorate,Al Jiza,Al Jiza,Salahia (Zabayer Twal)
Central,Amman Governorate,Al Jiza,Al Jiza,Manja
Central,Amman Governorate,Al Jiza,Al Jiza,Qastal
Central,Amman Governorate,Al Jiza,Al Jiza,Um Rommaneh
Central,Amman Governorate,Al Jiza,Al Jiza,Um Elamad
Central,Amman Governorate,Al Jiza,Al Jiza,Tnaib
Central,Amman Governorate,Al Jiza,Al Jiza,Arainbeh Gharbiyyeh
Central,Amman Governorate,Al Jiza,Al Jiza,Arainbeh Sharqiyyeh
Central,Amman Governorate,Al Jiza,Al Jiza,Baseleih
Central,Amman Governorate,Al Jiza,Al Jiza,Howwarah
Central,Amman Governorate,Al Jiza,Al Jiza,Kaldeh
Central,Amman Governorate,Al Jiza,Al Jiza,Naseriyyeh
Central,Amman Governorate,Al Jiza,Al Jiza,Qanater
Central,Amman Governorate,Al Jiza,Al Jiza,Qnaitreh
Central,Amman Governorate,Al Jiza,Al Jiza,Saifeih (Zabayer Knayan)
Central,Amman Governorate,Al Jiza,Al Jiza,Thamad
Central,Amman Governorate,Al Jiza,Al Jiza,Um Elwalied
Central,Amman Governorate,Al Jiza,Al Jiza,Zainab
Central,Amman Governorate,Al Jiza,Al Jiza,Zmaileh
Central,Amman Governorate,Al Jiza,Al Jiza,Hammam El-Shmoot
Central,Amman Governorate,Al Jiza,Al Jiza,Hammam El-Tallaq
Central,Amman Governorate,Al Jiza,Al Jiza,Mshatta
Central,Amman Governorate,Al Jiza,Al Jiza,Sh'hba (Zabayer Wtairi)
Central,Amman Governorate,Al Jiza,Al Jiza,Khadra
Central,Amman Governorate,Al Jiza,Al Jiza,Zaitooneh
Central,Amman Governorate,Al Jiza,Al Jiza,Khrayyem
Central,Amman Governorate,Al Jiza,Al Jiza,Mukhayyam Talbiyyeh
Central,Amman Governorate,Al Jiza,Al Jiza,Kan El-Zabib
Central,Amman Governorate,Al Jiza,Al Jiza,Tharah
Central,Amman Governorate,Al Jiza,Al Jiza,Libban
Central,Amman Governorate,Al Jiza,Al Jiza,Matabah (Mastabah)
Central,Amman Governorate,Al Jiza,Al Jiza,Falej (Rabyyeh)
Central,Amman Governorate,Al Jiza,Al Jiza,Ktafeh
Central,Amman Governorate,Al Jiza,Al Jiza,Laseen
Central,Amman Governorate,Al Jiza,Al Jiza,Majedeah (Zabarah)
Central,Amman Governorate,Al Jiza,Um Al-Rasas,Khannan (Ndwah)
Central,Amman Governorate,Al Jiza,Um Al-Rasas,Swaqah
Central,Amman Governorate,Al Jiza,Um Al-Rasas,Ramah
Central,Amman Governorate,Al Jiza,Um Al-Rasas,Jmayal
Central,Amman Governorate,Al Jiza,Um Al-Rasas,Msaitbah
Central,Amman Governorate,Al Jiza,Um Al-Rasas,Mshairfah
Central,Amman Governorate,Al Jiza,Um Al-Rasas,Ramil
Central,Amman Governorate,Al Jiza,Um Al-Rasas,Buhairat (Mansheat El-suareah)
Central,Amman Governorate,Al Jiza,Um Al-Rasas,Abu Hlaileefeh
Central,Amman Governorate,Al Jiza,Um Al-Rasas,Rojom Eqab
Central,Amman Governorate,Al Jiza,Um Al-Rasas,Rojom Fhaid
Central,Amman Governorate,Al Jiza,Um Al-Rasas,Salyeh
Central,Amman Governorate,Al Jiza,Um Al-Rasas,Thrayya
Central,Amman Governorate,Al Jiza,Um Al-Rasas,Um Rsas
Central,Amman Governorate,Al Jiza,Um Al-Rasas,Yahoon
Central,Amman Governorate,Al Jiza,Um Al-Rasas,Toar Hashash
Central,Amman Governorate,Al Jiza,Um Al-Rasas,Elayyan
Central,Amman Governorate,Al Jiza,Um Al-Rasas,Damki
Central,Amman Governorate,Al Quaysmh,Al Quaysmh,"Khraibet Essooq, Jawa, Yadoodeh"
Central,Amman Governorate,Al Quaysmh,Al Quaysmh,"Um Qsair, Moqabaleen"
Central,Amman Governorate,Al Quaysmh,Al Quaysmh,"Alquaismeh, Aljwaydeh, Abu Alanda,Alrajeeb"
Central,Amman Governorate,Al Quaysmh,Al Quaysmh,Binayat
Central,Amman Governorate,Al Quaysmh,Al Quaysmh,Um El-Kindam
Central,Amman Governorate,Marka,Marka,Marka
Central,Amman Governorate,Marka,Marka,Tareq
Central,Amman Governorate,Marka,Marka,Alnaser
Central,Amman Governorate,Marka,Marka,Basman
Central,Amman Governorate,Marka,Marka,Rmedan
Central,Amman Governorate,Marka,Marka,Baidha
Central,Amman Governorate,Mwaqqar,Mwaqqar,Mowaqqar
Central,Amman Governorate,Mwaqqar,Mwaqqar,Faisaliyyeh
Central,Amman Governorate,Mwaqqar,Mwaqqar,Ghazaleh
Central,Amman Governorate,Mwaqqar,Mwaqqar,Hunaifiyyeh
Central,Amman Governorate,Mwaqqar,Mwaqqar,Manshiyyeh
Central,Amman Governorate,Mwaqqar,Mwaqqar,Naqera
Central,Amman Governorate,Mwaqqar,Mwaqqar,Raudet Hussen Namuthajeh
Central,Amman Governorate,Mwaqqar,Mwaqqar,Um Botmah
Central,Amman Governorate,Mwaqqar,Mwaqqar,Zmailat
Central,Amman Governorate,Mwaqqar,Mwaqqar,Jnab
Central,Amman Governorate,Mwaqqar,Mwaqqar,Hatmeia
Central,Amman Governorate,Mwaqqar,Mwaqqar,Maghayer Mhanna
Central,Amman Governorate,Mwaqqar,Mwaqqar,Dhaibeh Sharqiyyeh
Central,Amman Governorate,Mwaqqar,Mwaqqar,Hashimeyyah
Central,Amman Governorate,Mwaqqar,Mwaqqar,Dhaibeh Gharbiyyeh
Central,Amman Governorate,Mwaqqar,Rujm Al shami,Rojom Shami Gharbi
Central,Amman Governorate,Mwaqqar,Rujm Al shami,Salem
Central,Amman Governorate,Mwaqqar,Rujm Al shami,Rojom Shami Sharqi
Central,Amman Governorate,Naur,Husban,Mshkar
Central,Amman Governorate,Naur,Husban,Rawdhah
Central,Amman Governorate,Naur,Husban,Hesban
Central,Amman Governorate,Naur,Husban,Karmet Hesban
Central,Amman Governorate,Naur,Husban,Manshiyyet Hesban
Central,Amman Governorate,Naur,Husban,Sail Hesban
Central,Amman Governorate,Naur,Naur,Bal'as
Central,Amman Governorate,Naur,Naur,Na'oor
Central,Amman Governorate,Naur,Naur,Abu Naqlah
Central,Amman Governorate,Naur,Naur,Adasiyyeh
Central,Amman Governorate,Naur,Naur,Ajajreh
Central,Amman Governorate,Naur,Naur,Basset Na'oor
Central,Amman Governorate,Naur,Naur,Ewailiyyeh
Central,Amman Governorate,Naur,Naur,"Manshiyyeh,Um El-Qottain"
Central,Amman Governorate,Naur,Naur,Mansoorah
Central,Amman Governorate,Naur,Naur,Torky
Central,Amman Governorate,Naur,Naur,Zbood
Central,Amman Governorate,Naur,Naur,Amireah
Central,Amman Governorate,Naur,Naur,Adbayan
Central,Amman Governorate,Naur,Um Al-Basatin,Gbeih
Central,Amman Governorate,Naur,Um Al-Basatin,El-A'al
Central,Amman Governorate,Naur,Um Al-Basatin,Masooh
Central,Amman Governorate,Naur,Um Al-Basatin,Samek
Central,Amman Governorate,Naur,Um Al-Basatin,Um El-Berak
Central,Amman Governorate,Naur,Um Al-Basatin,Um El-Asaker
Central,Amman Governorate,Naur,Um Al-Basatin,Um El-Basatien
Central,Amman Governorate,Qasabat Amman,Amman,Almadina
Central,Amman Governorate,Qasabat Amman,Amman,Alabdaly
Central,Amman Governorate,Qasabat Amman,Amman,Alyarmok
Central,Amman Governorate,Qasabat Amman,Amman,Bader
Central,Amman Governorate,Qasabat Amman,Amman,Zahran
Central,Amman Governorate,Qasabat Amman,Amman,Ras Alain
Central,Amman Governorate,Sahab,Sahab,Khashafiyyet Janubyyeh
Central,Amman Governorate,Sahab,Sahab,Zamlet Olia
Central,Amman Governorate,Sahab,Sahab,Sahab
Central,Amman Governorate,Sahab,Sahab,Manakher
Central,Amman Governorate,Sahab,Sahab,Ka'afour
Central,Amman Governorate,Sahab,Sahab,Khashafiyyet Shamalyyeh
Central,Amman Governorate,Sahab,Sahab,Madhouna
Central,Amman Governorate,Sahab,Sahab,Abdaliyyeh
Central,Amman Governorate,Wadi As Sir,Wadi As Sir,Um El-Sumaq
Central,Amman Governorate,Wadi As Sir,Wadi As Sir,Bahath
Central,Amman Governorate,Wadi As Sir,Wadi As Sir,Wadi Eshta
Central,Amman Governorate,Wadi As Sir,Wadi As Sir,Eraq Elamir
Central,Amman Governorate,Wadi As Sir,Wadi As Sir,"Almaniyyeh, Qhasabat"
Central,Amman Governorate,Wadi As Sir,Wadi As Sir,Bassa
Central,Amman Governorate,Wadi As Sir,Wadi As Sir,Wadi Essier
Central,Amman Governorate,Wadi As Sir,Wadi As Sir,Badr Jadeda
Central,Amman Governorate,Wadi As Sir,Wadi As Sir,Abu Essoos
Central,Amman Governorate,Wadi As Sir,Wadi As Sir,Fahs
Central,Amman Governorate,Wadi As Sir,Wadi As Sir,Rajaha
Central,Amman Governorate,Wadi As Sir,Wadi As Sir,Tabaqa
Central,Amman Governorate,Wadi As Sir,Wadi As Sir,Um Njasa
Central,Amman Governorate,Wadi As Sir,Wadi As Sir,Dair
Central,Amman Governorate,Wadi As Sir,Wadi As Sir,Hamdeih
Central,Amman Governorate,Wadi As Sir,Wadi As Sir,Marj Elhamam
Central,Amman Governorate,Wadi As Sir,Wadi As Sir,Dabbeh
Central,Amman Governorate,Wadi As Sir,Wadi As Sir,N'air
Central,Amman Governorate,Wadi As Sir,Wadi As Sir,Thoghrah
South,At Tafilah Governorate,Al Hasa,Al Hasa,Jorof
South,At Tafilah Governorate,Al Hasa,Al Hasa,Hasa
South,At Tafilah Governorate,Al Hasa,Al Hasa,Aliah
South,At Tafilah Governorate,Al Hasa,Al Hasa,Harier
South,At Tafilah Governorate,Qasabat At Tafilah,At Tafilah,Gwiebeh
South,At Tafilah Governorate,Qasabat At Tafilah,At Tafilah,Salmani
South,At Tafilah Governorate,Qasabat At Tafilah,At Tafilah,Mitan
South,At Tafilah Governorate,Qasabat At Tafilah,At Tafilah,Sele'
South,At Tafilah Governorate,Qasabat At Tafilah,At Tafilah,Ain El-Baidha
South,At Tafilah Governorate,Qasabat At Tafilah,At Tafilah,Ezhaigah
South,At Tafilah Governorate,Qasabat At Tafilah,At Tafilah,Zabda
South,At Tafilah Governorate,Qasabat At Tafilah,At Tafilah,Aboor
South,At Tafilah Governorate,Qasabat At Tafilah,At Tafilah,Abel
South,At Tafilah Governorate,Qasabat At Tafilah,At Tafilah,Namteh
South,At Tafilah Governorate,Qasabat At Tafilah,At Tafilah,Erwayyem
South,At Tafilah Governorate,Qasabat At Tafilah,At Tafilah,Ais
South,At Tafilah Governorate,Qasabat At Tafilah,At Tafilah,Tafileh
South,At Tafilah Governorate,Qasabat At Tafilah,At Tafilah,Sanfahah
South,At Tafilah Governorate,Qasabat At Tafilah,At Tafilah,Arafah
South,At Tafilah Governorate,Qasabat At Tafilah,At Tafilah,Swaimie'
South,At Tafilah Governorate,Qasabat At Tafilah,At Tafilah,Nokhah
South,At Tafilah Governorate,Qasabat At Tafilah,At Tafilah,Shaidham
South,At Tafilah Governorate,Qasabat At Tafilah,At Tafilah,Abu Banna
South,At Tafilah Governorate,Qasabat At Tafilah,At Tafilah,Aimeh
South,At Tafilah Governorate,Qasabat At Tafilah,At Tafilah,Dhba'ah
South,At Tafilah Governorate,Qasabat At Tafilah,At Tafilah,Afra
South,At Tafilah Governorate,Qasabat At Tafilah,At Tafilah,Li'ban
South,At Tafilah Governorate,Qasabat At Tafilah,At Tafilah,Erhab
South,At Tafilah Governorate,Qasabat At Tafilah,At Tafilah,Barbietah
South,At Tafilah Governorate,Qasabat At Tafilah,At Tafilah,Majadel
South,At Tafilah Governorate,Qasabat At Tafilah,At Tafilah,Tal'et Hussain
South,At Tafilah Governorate,Qasabat At Tafilah,At Tafilah,Sirah
South,At Tafilah Governorate,Qasabat At Tafilah,At Tafilah,Jeser El-Shohada'
South,At Tafilah Governorate,Busayrah,Busayrah,Qhadesiyeh
South,At Tafilah Governorate,Busayrah,Busayrah,Dhana
South,At Tafilah Governorate,Busayrah,Busayrah,Lahdhah
South,At Tafilah Governorate,Busayrah,Busayrah,Gharandal
South,At Tafilah Governorate,Busayrah,Busayrah,Um Essarab
South,At Tafilah Governorate,Busayrah,Busayrah,Dhahel
South,At Tafilah Governorate,Busayrah,Busayrah,Rashadiyyeh
South,At Tafilah Governorate,Busayrah,Busayrah,Bsaira
South,At Tafilah Governorate,Busayrah,Busayrah,Qarqoor
North,Irbid Governorate,Al Aghwar Al Shamalyah,Al Aghwar Al Shamalyah,Krayymeh
North,Irbid Governorate,Al Aghwar Al Shamalyah,Al Aghwar Al Shamalyah,Siaikhat
North,Irbid Governorate,Al Aghwar Al Shamalyah,Al Aghwar Al Shamalyah,Karkamah
North,Irbid Governorate,Al Aghwar Al Shamalyah,Al Aghwar Al Shamalyah,Marzeh
North,Irbid Governorate,Al Aghwar Al Shamalyah,Al Aghwar Al Shamalyah,Tabaqat Fahl
North,Irbid Governorate,Al Aghwar Al Shamalyah,Al Aghwar Al Shamalyah,Zmaliyyeh
North,Irbid Governorate,Al Aghwar Al Shamalyah,Al Aghwar Al Shamalyah,Shaikh Hussein
North,Irbid Governorate,Al Aghwar Al Shamalyah,Al Aghwar Al Shamalyah,Waqqas
North,Irbid Governorate,Al Aghwar Al Shamalyah,Al Aghwar Al Shamalyah,Manshiyyeh
North,Irbid Governorate,Al Aghwar Al Shamalyah,Al Aghwar Al Shamalyah,Sakhneh
North,Irbid Governorate,Al Aghwar Al Shamalyah,Al Aghwar Al Shamalyah,Shooneh Shamaliyah
North,Irbid Governorate,Al Aghwar Al Shamalyah,Al Aghwar Al Shamalyah,Baqoorah
North,Irbid Governorate,Al Aghwar Al Shamalyah,Al Aghwar Al Shamalyah,Adasiyyeh
North,Irbid Governorate,Al Aghwar Al Shamalyah,Al Aghwar Al Shamalyah,Abu Saydo
North,Irbid Governorate,Al Aghwar Al Shamalyah,Al Aghwar Al Shamalyah,Majed
North,Irbid Governorate,Al Aghwar Al Shamalyah,Al Aghwar Al Shamalyah,Qarn
North,Irbid Governorate,Al Aghwar Al Shamalyah,Al Aghwar Al Shamalyah,Sbiereh
North,Irbid Governorate,Al Aghwar Al Shamalyah,Al Aghwar Al Shamalyah,Wadi El-Raian
North,Irbid Governorate,Al Aghwar Al Shamalyah,Al Aghwar Al Shamalyah,Wadi El-Arab
North,Irbid Governorate,Al Aghwar Al Shamalyah,Al Aghwar Al Shamalyah,Mashari'e
North,Irbid Governorate,Al Aghwar Al Shamalyah,Al Aghwar Al Shamalyah,Abu Habeel
North,Irbid Governorate,Al Aghwar Al Shamalyah,Al Aghwar Al Shamalyah,Abu Ziad
North,Irbid Governorate,Al Aghwar Al Shamalyah,Al Aghwar Al Shamalyah,Feddein
North,Irbid Governorate,Al Koura,Al Koura,Jdaitta
North,Irbid Governorate,Al Koura,Al Koura,Kofor Abil
North,Irbid Governorate,Al Koura,Al Koura,Kofor Awan
North,Irbid Governorate,Al Koura,Al Koura,Kherbet El-Hawi
North,Irbid Governorate,Al Koura,Al Koura,Bait Iedes
North,Irbid Governorate,Al Koura,Al Koura,Kofor Rakeb
North,Irbid Governorate,Al Koura,Al Koura,Roqqah
North,Irbid Governorate,Al Koura,Al Koura,Ashrafiyyeh
North,Irbid Governorate,Al Koura,Al Koura,Tebneh
North,Irbid Governorate,Al Koura,Al Koura,Abu El-Qain
North,Irbid Governorate,Al Koura,Al Koura,Kofor El-Ma'
North,Irbid Governorate,Al Koura,Al Koura,Jeffien
North,Irbid Governorate,Al Koura,Al Koura,Sowwan
North,Irbid Governorate,Al Koura,Al Koura,Dair Abi Sa'id
North,Irbid Governorate,Al Koura,Al Koura,Iskayeen
North,Irbid Governorate,Al Koura,Al Koura,Sammo'
North,Irbid Governorate,Al Koura,Al Koura,Jenien Essafa
North,Irbid Governorate,Al Koura,Al Koura,Rkhayyem
North,Irbid Governorate,Al Koura,Al Koura,Zmal
North,Irbid Governorate,Al Koura,Al Koura,Rahwah
North,Irbid Governorate,Al Koura,Al Koura,Kofor Kiefia
North,Irbid Governorate,Al Mazar Ash Shamali,Al Mazar Ash Shamali,Rhaba
North,Irbid Governorate,Al Mazar Ash Shamali,Al Mazar Ash Shamali,Ibrahimia (Sarras)
North,Irbid Governorate,Al Mazar Ash Shamali,Al Mazar Ash Shamali,Samad
North,Irbid Governorate,Al Mazar Ash Shamali,Al Mazar Ash Shamali,Mazar Shamali
North,Irbid Governorate,Al Mazar Ash Shamali,Al Mazar Ash Shamali,Habka
North,Irbid Governorate,Al Mazar Ash Shamali,Al Mazar Ash Shamali,Enbeh
North,Irbid Governorate,Al Mazar Ash Shamali,Al Mazar Ash Shamali,Dair Yoosef
North,Irbid Governorate,Al Mazar Ash Shamali,Al Mazar Ash Shamali,Johfiyyeh
North,Irbid Governorate,Al Mazar Ash Shamali,Al Mazar Ash Shamali,Z'atara
North,Irbid Governorate,Al Mazar Ash Shamali,Al Mazar Ash Shamali,Hoafa El-Mazar
North,Irbid Governorate,Al Mazar Ash Shamali,Al Mazar Ash Shamali,Rahmeh
North,Irbid Governorate,Al Mazar Ash Shamali,Al Mazar Ash Shamali,Zoobya
North,Irbid Governorate,Al Wastiyya,Al Wastiyya,Kofor An
North,Irbid Governorate,Al Wastiyya,Al Wastiyya,Qmaim
North,Irbid Governorate,Al Wastiyya,Al Wastiyya,Kharaj
North,Irbid Governorate,Al Wastiyya,Al Wastiyya,Qom
North,Irbid Governorate,Al Wastiyya,Al Wastiyya,Kofor Asad
North,Irbid Governorate,Al Wastiyya,Al Wastiyya,Saidoor
North,Irbid Governorate,Al Wastiyya,Al Wastiyya,Hoafa El-Wastiyyeh
North,Irbid Governorate,At Tayba,At Tayba,Dair Ess'eneh
North,Irbid Governorate,At Tayba,At Tayba,Taybeh
North,Irbid Governorate,At Tayba,At Tayba,Abser Abu Ali
North,Irbid Governorate,At Tayba,At Tayba,Mendah
North,Irbid Governorate,At Tayba,At Tayba,Samma
North,Irbid Governorate,At Tayba,At Tayba,Zabdah El-Wastiyyeh
North,Irbid Governorate,At Tayba,At Tayba,Makhraba
North,Irbid Governorate,Bani Kinana,Bani Kinana,Qasfah
North,Irbid Governorate,Bani Kinana,Bani Kinana,Sama El-Roosan
North,Irbid Governorate,Bani Kinana,Bani Kinana,Abu El-Loqas
North,Irbid Governorate,Bani Kinana,Bani Kinana,Saileh
North,Irbid Governorate,Bani Kinana,Bani Kinana,Azriet
North,Irbid Governorate,Bani Kinana,Bani Kinana,Mansoorah
North,Irbid Governorate,Bani Kinana,Bani Kinana,Um Qais
North,Irbid Governorate,Bani Kinana,Bani Kinana,Khrayybeh
North,Irbid Governorate,Bani Kinana,Bani Kinana,Kharja
North,Irbid Governorate,Bani Kinana,Bani Kinana,Ebder
North,Irbid Governorate,Bani Kinana,Bani Kinana,Bareshta
North,Irbid Governorate,Bani Kinana,Bani Kinana,Malka
North,Irbid Governorate,Bani Kinana,Bani Kinana,Mkhaibeh El-Tehta
North,Irbid Governorate,Bani Kinana,Bani Kinana,Samar
North,Irbid Governorate,Bani Kinana,Bani Kinana,Kofor Soom
North,Irbid Governorate,Bani Kinana,Bani Kinana,Yebla
North,Irbid Governorate,Bani Kinana,Bani Kinana,Saham
North,Irbid Governorate,Bani Kinana,Bani Kinana,Rfaid
North,Irbid Governorate,Bani Kinana,Bani Kinana,Aqraba
North,Irbid Governorate,Bani Kinana,Bani Kinana,Esheh
North,Irbid Governorate,Bani Kinana,Bani Kinana,Hariema
North,Irbid Governorate,Bani Kinana,Bani Kinana,Hartha
North,Irbid Governorate,Bani Kinana,Bani Kinana,Hatem
North,Irbid Governorate,Bani Kinana,Bani Kinana,Hebras
North,Irbid Governorate,Bani Kinana,Bani Kinana,Mzaireeb
North,Irbid Governorate,Bani Kinana,Bani Kinana,Zaweh
North,Irbid Governorate,Bani Kinana,Bani Kinana,Yarmook
North,Irbid Governorate,Bani Kinana,Bani Kinana,Hemah Aurdinyah
North,Irbid Governorate,Bani Obayd,Bani Obayd,No'ayymeh
North,Irbid Governorate,Bani Obayd,Bani Obayd,Shatna
North,Irbid Governorate,Bani Obayd,Bani Obayd,Ketem
North,Irbid Governorate,Bani Obayd,Bani Obayd,Hoson
North,Irbid Governorate,Bani Obayd,Bani Obayd,Sarieh
North,Irbid Governorate,Bani Obayd,Bani Obayd,Aidoon
North,Irbid Governorate,Bani Obayd,Bani Obayd,Mukhayyam Shahed Azmi El-Mufti
North,Irbid Governorate,Bani Obayd,Bani Obayd,Aliah
North,Irbid Governorate,Qasabat Irbid,Qasabat Irbid,Bait Yafa
North,Irbid Governorate,Qasabat Irbid,Qasabat Irbid,Natfeh
North,Irbid Governorate,Qasabat Irbid,Qasabat Irbid,Kofor Yooba
North,Irbid Governorate,Qasabat Irbid,Qasabat Irbid,Jamhah
North,Irbid Governorate,Qasabat Irbid,Qasabat Irbid,Irbid
North,Irbid Governorate,Qasabat Irbid,Qasabat Irbid,Zahar
North,Irbid Governorate,Qasabat Irbid,Qasabat Irbid,Sal
North,Irbid Governorate,Qasabat Irbid,Qasabat Irbid,Kofor Rahta
North,Irbid Governorate,Qasabat Irbid,Qasabat Irbid,Jijjien
North,Irbid Governorate,Qasabat Irbid,Qasabat Irbid,Soom
North,Irbid Governorate,Qasabat Irbid,Qasabat Irbid,Bait Ras
North,Irbid Governorate,Qasabat Irbid,Qasabat Irbid,Doaqarah
North,Irbid Governorate,Qasabat Irbid,Qasabat Irbid,Teqbel
North,Irbid Governorate,Qasabat Irbid,Qasabat Irbid,Maro
North,Irbid Governorate,Qasabat Irbid,Qasabat Irbid,Mghayyer
North,Irbid Governorate,Qasabat Irbid,Qasabat Irbid,Fo'arah
North,Irbid Governorate,Qasabat Irbid,Qasabat Irbid,As'ara
North,Irbid Governorate,Qasabat Irbid,Qasabat Irbid,Al'al
North,Irbid Governorate,Qasabat Irbid,Qasabat Irbid,Boshra
North,Irbid Governorate,Qasabat Irbid,Qasabat Irbid,Hakama
North,Irbid Governorate,Qasabat Irbid,Qasabat Irbid,Ham
North,Irbid Governorate,Qasabat Irbid,Qasabat Irbid,Hoor
North,Irbid Governorate,Qasabat Irbid,Qasabat Irbid,Howwarah
North,Irbid Governorate,Qasabat Irbid,Qasabat Irbid,Kofor Jayez
North,Irbid Governorate,Qasabat Irbid,Qasabat Irbid,Um El-Jadayel
North,Irbid Governorate,Ar Ramtha,Ar Ramtha,Bwaidhah
North,Irbid Governorate,Ar Ramtha,Ar Ramtha,Ramtha
North,Irbid Governorate,Ar Ramtha,Ar Ramtha,Torrah
North,Irbid Governorate,Ar Ramtha,Ar Ramtha,Shajarah
North,Irbid Governorate,Ar Ramtha,Ar Ramtha,Emrawah
North,Irbid Governorate,Ar Ramtha,Ar Ramtha,Dnaibeh
North,Jarash Governorate,Qasabat Jarash,Al-Mastaba,Mersi'e
North,Jarash Governorate,Qasabat Jarash,Al-Mastaba,Tal'et Errozz
North,Jarash Governorate,Qasabat Jarash,Al-Mastaba,Mastabah
North,Jarash Governorate,Qasabat Jarash,Al-Mastaba,Jebbah
North,Jarash Governorate,Qasabat Jarash,Al-Mastaba,Raieh
North,Jarash Governorate,Qasabat Jarash,Al-Mastaba,Rahmaniyyeh
North,Jarash Governorate,Qasabat Jarash,Al-Mastaba,Shak Mfarrej
North,Jarash Governorate,Qasabat Jarash,Al-Mastaba,Mashtal Faisal
North,Jarash Governorate,Qasabat Jarash,Burma,Fawara
North,Jarash Governorate,Qasabat Jarash,Burma,Alaymoon
North,Jarash Governorate,Qasabat Jarash,Burma,Majdal
North,Jarash Governorate,Qasabat Jarash,Burma,Jazzazeh
North,Jarash Governorate,Qasabat Jarash,Burma,Borma
North,Jarash Governorate,Qasabat Jarash,Burma,Hamta
North,Jarash Governorate,Qasabat Jarash,Burma,Hooneh
North,Jarash Governorate,Qasabat Jarash,Burma,Mansorah (Khshaibeh)
North,Jarash Governorate,Qasabat Jarash,Burma,Hasainiyyat
North,Jarash Governorate,Qasabat Jarash,Burma,Najdeh
North,Jarash Governorate,Qasabat Jarash,Jarash,Kfair
North,Jarash Governorate,Qasabat Jarash,Jarash,Abarah
North,Jarash Governorate,Qasabat Jarash,Jarash,Hazeah
North,Jarash Governorate,Qasabat Jarash,Jarash,Rashaydeh
North,Jarash Governorate,Qasabat Jarash,Jarash,Ryashi
North,Jarash Governorate,Qasabat Jarash,Jarash,Nabi Hood
North,Jarash Governorate,Qasabat Jarash,Jarash,Hadadeh
North,Jarash Governorate,Qasabat Jarash,Jarash,Um Qontarah
North,Jarash Governorate,Qasabat Jarash,Jarash,Mukhayyam Ghazzeh
North,Jarash Governorate,Qasabat Jarash,Jarash,Nahleh
North,Jarash Governorate,Qasabat Jarash,Jarash,Ketteh
North,Jarash Governorate,Qasabat Jarash,Jarash,Sakeb
North,Jarash Governorate,Qasabat Jarash,Jarash,Raimoon
North,Jarash Governorate,Qasabat Jarash,Jarash,Dair Elliyyat
North,Jarash Governorate,Qasabat Jarash,Jarash,Qraia'
North,Jarash Governorate,Qasabat Jarash,Jarash,Soof
North,Jarash Governorate,Qasabat Jarash,Jarash,Meqebleh
North,Jarash Governorate,Qasabat Jarash,Jarash,Asfoor
North,Jarash Governorate,Qasabat Jarash,Jarash,Jabba
North,Jarash Governorate,Qasabat Jarash,Jarash,Qafqafa
North,Jarash Governorate,Qasabat Jarash,Jarash,Kofor Khall
North,Jarash Governorate,Qasabat Jarash,Jarash,Mshairfeh Gharbiyyeh
North,Jarash Governorate,Qasabat Jarash,Jarash,Baliela
North,Jarash Governorate,Qasabat Jarash,Jarash,Amamah
North,Jarash Governorate,Qasabat Jarash,Jarash,Ejbarat
North,Jarash Governorate,Qasabat Jarash,Jarash,Jnaideyyeh (Mshairfeh Sharqiyyeh)
North,Jarash Governorate,Qasabat Jarash,Jarash,Majar
North,Jarash Governorate,Qasabat Jarash,Jarash,Um Ezzaitoon
North,Jarash Governorate,Qasabat Jarash,Jarash,Um Rameh
North,Jarash Governorate,Qasabat Jarash,Jarash,Zaqreet
North,Jarash Governorate,Qasabat Jarash,Jarash,Enabeh
North,Jarash Governorate,Qasabat Jarash,Jarash,Jarash
North,Jarash Governorate,Qasabat Jarash,Jarash,Mansheiat Hashem
North,Jarash Governorate,Qasabat Jarash,Jarash,Mukhayyam Soof
North,Jarash Governorate,Qasabat Jarash,Jarash,Fayha' (Mshairfeh El-Westa)
North,Jarash Governorate,Qasabat Jarash,Jarash,Jamla
North,Jarash Governorate,Qasabat Jarash,Jarash,Dibbeen
South,Ma'an Governorate,Qasabat Ma'an,Adhrah,Athroh
South,Ma'an Governorate,Qasabat Ma'an,Adhrah,Etmaiyah
South,Ma'an Governorate,Qasabat Ma'an,Adhrah,Jarba Sghiereh
South,Ma'an Governorate,Qasabat Ma'an,Adhrah,Jarba Kbiereh
South,Ma'an Governorate,Qasabat Ma'an,Adhrah,Manshiyyeh
South,Ma'an Governorate,Qasabat Ma'an,Adhrah,Ashari
South,Ma'an Governorate,Qasabat Ma'an,Ail,Auhadah
South,Ma'an Governorate,Qasabat Ma'an,Ail,Sadafeh
South,Ma'an Governorate,Qasabat Ma'an,Ail,Fardakh
South,Ma'an Governorate,Qasabat Ma'an,Ail,Iel
South,Ma'an Governorate,Qasabat Ma'an,Ail,Basta
South,Ma'an Governorate,Qasabat Ma'an,Ail,Beir Abu Dnneh
South,Ma'an Governorate,Qasabat Ma'an,Ail,Raudet El-Amir Rashed(Qa')
South,Ma'an Governorate,Qasabat Ma'an,Ail,Beir El-Bietar
South,Ma'an Governorate,Qasabat Ma'an,Al Jafr,Jafr
South,Ma'an Governorate,Qasabat Ma'an,Al Jafr,Modawwarah
South,Ma'an Governorate,Qasabat Ma'an,Al Jafr,Shadeiah
South,Ma'an Governorate,Qasabat Ma'an,Al Muraygha,Naqab El-Gharbi
South,Ma'an Governorate,Qasabat Ma'an,Al Muraygha,Naqab
South,Ma'an Governorate,Qasabat Ma'an,Al Muraygha,Haiad
South,Ma'an Governorate,Qasabat Ma'an,Al Muraygha,Abu El-Lissan
South,Ma'an Governorate,Qasabat Ma'an,Al Muraygha,Tasan
South,Ma'an Governorate,Qasabat Ma'an,Al Muraygha,Qasemeah
South,Ma'an Governorate,Qasabat Ma'an,Al Muraygha,Swaimreh
South,Ma'an Governorate,Qasabat Ma'an,Al Muraygha,Mraighah
South,Ma'an Governorate,Qasabat Ma'an,Al Muraygha,Qurain
South,Ma'an Governorate,Qasabat Ma'an,Al Muraygha,Faisaleah
South,Ma'an Governorate,Qasabat Ma'an,Al Muraygha,Thugra
South,Ma'an Governorate,Qasabat Ma'an,Ma'an,Batn El-Ghool
South,Ma'an Governorate,Qasabat Ma'an,Ma'an,Sateh Ma'an
South,Ma'an Governorate,Qasabat Ma'an,Ma'an,Ma'an
South,Ma'an Governorate,Qasabat Ma'an,Ma'an,Tahooneh
South,Ma'an Governorate,Qasabat Ma'an,Ma'an,Mahatet Jerdaneh
South,Ma'an Governorate,Qasabat Ma'an,Ma'an,Dabit El-Karam
South,Ma'an Governorate,Al Husayniyya,Al Husayniyya,Mohammadiyyeh
South,Ma'an Governorate,Al Husayniyya,Al Husayniyya,Enaizeh
South,Ma'an Governorate,Al Husayniyya,Al Husayniyya,Hashemiyyeh
South,Ma'an Governorate,Al Husayniyya,Al Husayniyya,Huseiniya
South,Ma'an Governorate,Al Husayniyya,Al Husayniyya,Tal Borma
South,Ma'an Governorate,Al Petra,Al Petra,Rassees
South,Ma'an Governorate,Al Petra,Al Petra,Rajef
South,Ma'an Governorate,Al Petra,Al Petra,Taybah
South,Ma'an Governorate,Al Petra,Al Petra,Ain Ammoon
South,Ma'an Governorate,Al Petra,Al Petra,Wadi Moosa
South,Ma'an Governorate,Al Petra,Al Petra,Um Sehoon
South,Ma'an Governorate,Al Petra,Al Petra,Hayy
South,Ma'an Governorate,Al Petra,Al Petra,Baida
South,Ma'an Governorate,Al Petra,Al Petra,Madarej
South,Ma'an Governorate,Al Petra,Al Petra,Tharwah
South,Ma'an Governorate,Al Petra,Al Petra,Kerbet Um Ettelian
South,Ma'an Governorate,Al Petra,Al Petra,Dlaghah
South,Ma'an Governorate,Al Petra,Al Petra,
South,Ma'an Governorate,Ash Shobak,Ash Shobak,Fjaij
South,Ma'an Governorate,Ash Shobak,Ash Shobak,Hadera
South,Ma'an Governorate,Ash Shobak,Ash Shobak,Bier Abu El-Alaq
South,Ma'an Governorate,Ash Shobak,Ash Shobak,Beir El-Dabbaghat
South,Ma'an Governorate,Ash Shobak,Ash Shobak,Beir Khadad
South,Ma'an Governorate,Ash Shobak,Ash Shobak,Hawaleh
South,Ma'an Governorate,Ash Shobak,Ash Shobak,Zaitoneh
South,Ma'an Governorate,Ash Shobak,Ash Shobak,Faisaleh (Mdhaibie')
South,Ma'an Governorate,Ash Shobak,Ash Shobak,Jnineh
South,Ma'an Governorate,Ash Shobak,Ash Shobak,Shammakh
South,Ma'an Governorate,Ash Shobak,Ash Shobak,Zobeiriyyeh
South,Ma'an Governorate,Ash Shobak,Ash Shobak,Haddadah
South,Ma'an Governorate,Ash Shobak,Ash Shobak,Mothallath
South,Ma'an Governorate,Ash Shobak,Ash Shobak,Jhair
South,Ma'an Governorate,Ash Shobak,Ash Shobak,Shobak
South,Ma'an Governorate,Ash Shobak,Ash Shobak,Jayyeh
South,Ma'an Governorate,Ash Shobak,Ash Shobak,Abu Makhtoob
South,Ma'an Governorate,Ash Shobak,Ash Shobak,Maqari'yyeh
South,Ma'an Governorate,Ash Shobak,Ash Shobak,Mansoorah
Central,Madaba Governorate,Qasabat Madaba,Al Faisaleyah,Faisaliah
Central,Madaba Governorate,Qasabat Madaba,Al Faisaleyah,Mkhait
Central,Madaba Governorate,Qasabat Madaba,Al Faisaleyah,Syaghah
Central,Madaba Governorate,Qasabat Madaba,Al Faisaleyah,Libbeh
Central,Madaba Governorate,Qasabat Madaba,Jrainah,Oyoon Moosa
Central,Madaba Governorate,Qasabat Madaba,Jrainah,Jrainah
Central,Madaba Governorate,Qasabat Madaba,Jrainah,Ghernatah
Central,Madaba Governorate,Qasabat Madaba,Jrainah,Abu Rdaineh
Central,Madaba Governorate,Qasabat Madaba,Jrainah,Wasiyyeh
Central,Madaba Governorate,Qasabat Madaba,Jrainah,Ariesh
Central,Madaba Governorate,Qasabat Madaba,Madaba,Heialaleyeh (Falha)
Central,Madaba Governorate,Qasabat Madaba,Madaba,Wah (Mrejmet El-Hamed)
Central,Madaba Governorate,Qasabat Madaba,Madaba,Madaba
Central,Madaba Governorate,Qasabat Madaba,Madaba,Hwayyet El-Balouneh
Central,Madaba Governorate,Qasabat Madaba,Madaba,Jubail
Central,Madaba Governorate,Qasabat Madaba,Madaba,Khaldeyyeh (Abu Ezqal)
Central,Madaba Governorate,Qasabat Madaba,Madaba,Ma'moneia
Central,Madaba Governorate,Qasabat Madaba,Madaba,Khatabiyyeh
Central,Madaba Governorate,Qasabat Madaba,Madaba,Fayha'a
Central,Madaba Governorate,Qasabat Madaba,Madaba,Ain Eddieb
Central,Madaba Governorate,Qasabat Madaba,Ma'een,Hammamat Ma'ien
Central,Madaba Governorate,Qasabat Madaba,Ma'een,Maeen
Central,Madaba Governorate,Qasabat Madaba,Ma'een,Manshiyyet Maeen
Central,Madaba Governorate,Qasabat Madaba,Ma'een,Zarqa' Maeen
Central,Madaba Governorate,Theeban,Al Areed,Jadedah
Central,Madaba Governorate,Theeban,Al Areed,Qrayyat
Central,Madaba Governorate,Theeban,Al Areed,Dair
Central,Madaba Governorate,Theeban,Al Areed,Areedh
Central,Madaba Governorate,Theeban,Al Areed,Zayna
Central,Madaba Governorate,Theeban,Al Areed,Makawer
Central,Madaba Governorate,Theeban,Al Areed,Muhamadeh
Central,Madaba Governorate,Theeban,Al Areed,Atrooz
Central,Madaba Governorate,Theeban,Al Areed,Nasieb
Central,Madaba Governorate,Theeban,Al Areed,Azzahra'
Central,Madaba Governorate,Theeban,Al Areed,Balotah
Central,Madaba Governorate,Theeban,Al Areed,Hashemiyyeh (Um Hsas)
Central,Madaba Governorate,Theeban,Al Areed,Jarwan (Amerah)
Central,Madaba Governorate,Theeban,Al Areed,Namyeh
Central,Madaba Governorate,Theeban,Al Areed,Bake'a (Kuba'i)
Central,Madaba Governorate,Theeban,Al Areed,Hiedan
Central,Madaba Governorate,Theeban,Mleah,Mlaih
Central,Madaba Governorate,Theeban,Mleah,Dalielet El-Hamaydeh
Central,Madaba Governorate,Theeban,Mleah,Waleh
Central,Madaba Governorate,Theeban,Mleah,Gadeer
Central,Madaba Governorate,Theeban,Mleah,Hayyadh
Central,Madaba Governorate,Theeban,Mleah,Kaldiyyeh
Central,Madaba Governorate,Theeban,Mleah,Lusen & Rabt
Central,Madaba Governorate,Theeban,Mleah,Munsaf (Mekher'ah)
Central,Madaba Governorate,Theeban,Mleah,Nozhet El-Waleh
Central,Madaba Governorate,Theeban,Mleah,Rashdeia
Central,Madaba Governorate,Theeban,Mleah,Alaqi
Central,Madaba Governorate,Theeban,Mleah,Leb
Central,Madaba Governorate,Theeban,Mleah,Safa
Central,Madaba Governorate,Theeban,Theeban,Ara'er
Central,Madaba Governorate,Theeban,Theeban,Mathlootheh
Central,Madaba Governorate,Theeban,Theeban,Heno & Sakraneh
Central,Madaba Governorate,Theeban,Theeban,Dieban
Central,Madaba Governorate,Theeban,Theeban,Shqaiq
Central,Madaba Governorate,Theeban,Theeban,Um Shjaireh Gharbiyyeh
Central,Madaba Governorate,Theeban,Theeban,Falha
Central,Madaba Governorate,Theeban,Theeban,Barzah
Central,Madaba Governorate,Theeban,Theeban,Qbaibeh
Central,Madaba Governorate,Theeban,Theeban,Mesherfeh
Central,Madaba Governorate,Theeban,Theeban,Alyeh
Central,Madaba Governorate,Theeban,Theeban,Annahda (Um Zabarah)
Central,Madaba Governorate,Theeban,Theeban,Dhaibeh Gharbiyyeh
Central,Madaba Governorate,Theeban,Theeban,Dhaibeh Sharqiyyeh
Central,Madaba Governorate,Theeban,Theeban,Manshiyyeh
Central,Madaba Governorate,Theeban,Theeban,Meq'ad Ben Nasrallah
Central,Madaba Governorate,Theeban,Theeban,Qasmeia
Central,Madaba Governorate,Theeban,Theeban,Rehaneih (Um Shajarah)
Central,Madaba Governorate,Theeban,Theeban,Wadi El-Mujeb
Central,Madaba Governorate,Theeban,Theeban,Um Shjaireh Sharqiyyeh
North,Al Mafraq Governorate,Al-ruwaished,Al-ruwaished,Wassad
North,Al Mafraq Governorate,Al-ruwaished,Al-ruwaished,Rwaished
North,Al Mafraq Governorate,Al-ruwaished,Al-ruwaished,Fhaidhah
North,Al Mafraq Governorate,Al-ruwaished,Al-ruwaished,Bostaneh
North,Al Mafraq Governorate,Al-ruwaished,Al-ruwaished,Burqa'
North,Al Mafraq Governorate,Al-ruwaished,Al-ruwaished,Jeser Rwaished
North,Al Mafraq Governorate,Al-ruwaished,Al-ruwaished,Karamah
North,Al Mafraq Governorate,Al-ruwaished,Al-ruwaished,Reesheh Gharbiyyeh
North,Al Mafraq Governorate,Al-ruwaished,Al-ruwaished,Reesheh Sharqiyyeh
North,Al Mafraq Governorate,Al-ruwaished,Al-ruwaished,Rokban
North,Al Mafraq Governorate,Al-ruwaished,Al-ruwaished,Manshiyyet El-Gheiath
North,Al Mafraq Governorate,Badiah Shamaliyah,Al Badyeh Al shamalyah (salihia),Aliet El-Shwa'ar
North,Al Mafraq Governorate,Badiah Shamaliyah,Al Badyeh Al shamalyah (salihia),Kaidat Al-Amir HassanAl-Jauiah
North,Al Mafraq Governorate,Badiah Shamaliyah,Al Badyeh Al shamalyah (salihia),Ashrafiyyeh
North,Al Mafraq Governorate,Badiah Shamaliyah,Al Badyeh Al shamalyah (salihia),Hashimiyyeh Sharqiyyeh
North,Al Mafraq Governorate,Badiah Shamaliyah,Al Badyeh Al shamalyah (salihia),Bostaneh
North,Al Mafraq Governorate,Badiah Shamaliyah,Al Badyeh Al shamalyah (salihia),Beshriyyeh
North,Al Mafraq Governorate,Badiah Shamaliyah,Al Badyeh Al shamalyah (salihia),Manarah
North,Al Mafraq Governorate,Badiah Shamaliyah,Al Badyeh Al shamalyah (salihia),Manshiyyet Kalefeh
North,Al Mafraq Governorate,Badiah Shamaliyah,Al Badyeh Al shamalyah (salihia),Safawi
North,Al Mafraq Governorate,Badiah Shamaliyah,Al Badyeh Al shamalyah (salihia),Nayfeh
North,Al Mafraq Governorate,Badiah Shamaliyah,Al Badyeh Al shamalyah (salihia),Raudit Al-Amir Hamzeh (Hliut Masarha)
North,Al Mafraq Governorate,Badiah Shamaliyah,Al Badyeh Al shamalyah (salihia),Zamlet Al-Amir Ghazi
North,Al Mafraq Governorate,Badiah Shamaliyah,Al Badyeh Al shamalyah (salihia),Sa'adah
North,Al Mafraq Governorate,Badiah Shamaliyah,Al Badyeh Al shamalyah (salihia),Salhiya
North,Al Mafraq Governorate,Badiah Shamaliyah,Al Badyeh Al shamalyah (salihia),Rahbet Rakkad
North,Al Mafraq Governorate,Badiah Shamaliyah,Al Badyeh Al shamalyah (salihia),Hamiediyyeh
North,Al Mafraq Governorate,Badiah Shamaliyah,Dair Al-Kahf,Dair Al-Kahf
North,Al Mafraq Governorate,Badiah Shamaliyah,Dair Al-Kahf,Jubbeiah
North,Al Mafraq Governorate,Badiah Shamaliyah,Dair Al-Kahf,Methnat Rajel
North,Al Mafraq Governorate,Badiah Shamaliyah,Dair Al-Kahf,Arainbet Enaimat
North,Al Mafraq Governorate,Badiah Shamaliyah,Dair Al-Kahf,Dair El-Qenn
North,Al Mafraq Governorate,Badiah Shamaliyah,Dair Al-Kahf,Ethlag
North,Al Mafraq Governorate,Badiah Shamaliyah,Dair Al-Kahf,Jad'ah
North,Al Mafraq Governorate,Badiah Shamaliyah,Dair Al-Kahf,Khsha' El-Qenn
North,Al Mafraq Governorate,Badiah Shamaliyah,Dair Al-Kahf,Medwer El-Qenn
North,Al Mafraq Governorate,Badiah Shamaliyah,Dair Al-Kahf,Menyasah
North,Al Mafraq Governorate,Badiah Shamaliyah,Dair Al-Kahf,Mrajeeb
North,Al Mafraq Governorate,Badiah Shamaliyah,Dair Al-Kahf,Qasem
North,Al Mafraq Governorate,Badiah Shamaliyah,Dair Al-Kahf,Rfa'iyyat
North,Al Mafraq Governorate,Badiah Shamaliyah,Dair Al-Kahf,Roadhet Al-Amir Ali Bin Al-Hussein (Abu Frth)
North,Al Mafraq Governorate,Badiah Shamaliyah,Dair Al-Kahf,Swailmeh
North,Al Mafraq Governorate,Badiah Shamaliyah,Dair Al-Kahf,Tal Ermah
North,Al Mafraq Governorate,Badiah Shamaliyah,Dair Al-Kahf,Um Hussein
North,Al Mafraq Governorate,Badiah Shamaliyah,Sabha,Dafyaneh
North,Al Mafraq Governorate,Badiah Shamaliyah,Sabha,Sabha
North,Al Mafraq Governorate,Badiah Shamaliyah,Sabha,Manshiyyet Qoblan
North,Al Mafraq Governorate,Badiah Shamaliyah,Sabha,Sab'e Aseyar
North,Al Mafraq Governorate,Badiah Shamaliyah,Sabha,Koam Erraf
North,Al Mafraq Governorate,Badiah Shamaliyah,Sabha,Feisaliyyeh
North,Al Mafraq Governorate,Badiah Shamaliyah,Sabha,Harara
North,Al Mafraq Governorate,Badiah Shamaliyah,Um Al-Jimal,Amra & Amiereh
North,Al Mafraq Governorate,Badiah Shamaliyah,Um Al-Jimal,Koam El-Ahmar
North,Al Mafraq Governorate,Badiah Shamaliyah,Um Al-Jimal,Aqeb
North,Al Mafraq Governorate,Badiah Shamaliyah,Um Al-Jimal,Rahmat
North,Al Mafraq Governorate,Badiah Shamaliyah,Um Al-Jimal,Rasm El-Hesan
North,Al Mafraq Governorate,Badiah Shamaliyah,Um Al-Jimal,Roadhet Basma
North,Al Mafraq Governorate,Badiah Shamaliyah,Um Al-Jimal,Sa'iediyyeh
North,Al Mafraq Governorate,Badiah Shamaliyah,Um Al-Jimal,Um Al-Jemal
North,Al Mafraq Governorate,Badiah Shamaliyah,Um Al-Jimal,Manshiyyet Essoltah
North,Al Mafraq Governorate,Badiah Shamaliyah,Um Al qutaien,Mkaifteh
North,Al Mafraq Governorate,Badiah Shamaliyah,Um Al qutaien,Husseiniyyeh
North,Al Mafraq Governorate,Badiah Shamaliyah,Um Al qutaien,Khsha' Slaiteen
North,Al Mafraq Governorate,Badiah Shamaliyah,Um Al qutaien,Ghadeer El-Naqah
North,Al Mafraq Governorate,Badiah Shamaliyah,Um Al qutaien,Manshiyyet El-Qhano
North,Al Mafraq Governorate,Badiah Shamaliyah,Um Al qutaien,Ma'zooleh
North,Al Mafraq Governorate,Badiah Shamaliyah,Um Al qutaien,Um-Elqotain
North,Al Mafraq Governorate,Badiah Shamaliyah,Um Al qutaien,Oudeh
North,Al Mafraq Governorate,Badiah Shamaliyah Gharbiyah,Al Badyeh shamalyah Al gharbyah,Thoghret El-Jobb
North,Al Mafraq Governorate,Badiah Shamaliyah Gharbiyah,Al Badyeh shamalyah Al gharbyah,Ba'ej
North,Al Mafraq Governorate,Badiah Shamaliyah Gharbiyah,Al Badyeh shamalyah Al gharbyah,Fohayhileh
North,Al Mafraq Governorate,Badiah Shamaliyah Gharbiyah,Al Badyeh shamalyah Al gharbyah,Sorrah
North,Al Mafraq Governorate,Badiah Shamaliyah Gharbiyah,Al Badyeh shamalyah Al gharbyah,Nahdhah
North,Al Mafraq Governorate,Badiah Shamaliyah Gharbiyah,Al Badyeh shamalyah Al gharbyah,Rodhet Errwai'u
North,Al Mafraq Governorate,Badiah Shamaliyah Gharbiyah,Al Badyeh shamalyah Al gharbyah,Mansoorah
North,Al Mafraq Governorate,Badiah Shamaliyah Gharbiyah,Al Badyeh shamalyah Al gharbyah,Hwaijeh
North,Al Mafraq Governorate,Badiah Shamaliyah Gharbiyah,Al Badyeh shamalyah Al gharbyah,Um Essrab
North,Al Mafraq Governorate,Badiah Shamaliyah Gharbiyah,Al Badyeh shamalyah Al gharbyah,Meshref
North,Al Mafraq Governorate,Badiah Shamaliyah Gharbiyah,Al Khaldyah,Zuhoor
North,Al Mafraq Governorate,Badiah Shamaliyah Gharbiyah,Al Khaldyah,Meferdat
North,Al Mafraq Governorate,Badiah Shamaliyah Gharbiyah,Al Khaldyah,Khaldiyah Qademeh
North,Al Mafraq Governorate,Badiah Shamaliyah Gharbiyah,Al Khaldyah,Za'tary
North,Al Mafraq Governorate,Badiah Shamaliyah Gharbiyah,Al Khaldyah,Khaldiyah
North,Al Mafraq Governorate,Badiah Shamaliyah Gharbiyah,Al Khaldyah,Mshrfeh
North,Al Mafraq Governorate,Badiah Shamaliyah Gharbiyah,Al Khaldyah,Nasaryyah
North,Al Mafraq Governorate,Badiah Shamaliyah Gharbiyah,Hosha,Khanasri
North,Al Mafraq Governorate,Badiah Shamaliyah Gharbiyah,Hosha,Fa'
North,Al Mafraq Governorate,Badiah Shamaliyah Gharbiyah,Hosha,Hamra
North,Al Mafraq Governorate,Badiah Shamaliyah Gharbiyah,Hosha,Darzeah
North,Al Mafraq Governorate,Badiah Shamaliyah Gharbiyah,Hosha,Swailmeh
North,Al Mafraq Governorate,Badiah Shamaliyah Gharbiyah,Hosha,Mshairfeh
North,Al Mafraq Governorate,Badiah Shamaliyah Gharbiyah,Hosha,Akaider
North,Al Mafraq Governorate,Badiah Shamaliyah Gharbiyah,Hosha,Dandania
North,Al Mafraq Governorate,Badiah Shamaliyah Gharbiyah,Hosha,Harsh
North,Al Mafraq Governorate,Badiah Shamaliyah Gharbiyah,Hosha,Hosha
North,Al Mafraq Governorate,Badiah Shamaliyah Gharbiyah,Hosha,Braiqa
North,Al Mafraq Governorate,Badiah Shamaliyah Gharbiyah,Sama As Sarhan,Rba' Serhan
North,Al Mafraq Governorate,Badiah Shamaliyah Gharbiyah,Sama As Sarhan,Somayya Serhan
North,Al Mafraq Governorate,Badiah Shamaliyah Gharbiyah,Sama As Sarhan,Zamlett Atterfi
North,Al Mafraq Governorate,Badiah Shamaliyah Gharbiyah,Sama As Sarhan,Mghayyer Serhan
North,Al Mafraq Governorate,Badiah Shamaliyah Gharbiyah,Sama As Sarhan,Sama Serhan
North,Al Mafraq Governorate,Badiah Shamaliyah Gharbiyah,Sama As Sarhan,Harfosheia
North,Al Mafraq Governorate,Badiah Shamaliyah Gharbiyah,Sama As Sarhan,Manshiyyet K'aiber
North,Al Mafraq Governorate,Badiah Shamaliyah Gharbiyah,Sama As Sarhan,Jaber Serhan
North,Al Mafraq Governorate,Badiah Shamaliyah Gharbiyah,Sama As Sarhan,Matalleh
North,Al Mafraq Governorate,Mafraq Qasabah,Al Mafraq,Rodhet Abu Heyal
North,Al Mafraq Governorate,Mafraq Qasabah,Al Mafraq,Aidoon
North,Al Mafraq Governorate,Mafraq Qasabah,Al Mafraq,Mazzeh
North,Al Mafraq Governorate,Mafraq Qasabah,Al Mafraq,Mafraq
North,Al Mafraq Governorate,Mafraq Qasabah,Al Mafraq,Rojom Essabi'e El-Shamali
North,Al Mafraq Governorate,Mafraq Qasabah,Al Mafraq,Bwaidhet El-Hwamdeh
North,Al Mafraq Governorate,Mafraq Qasabah,Al Mafraq,Ghadier Abyadh
North,Al Mafraq Governorate,Mafraq Qasabah,Al Mafraq,Hayyan El-Meshref
North,Al Mafraq Governorate,Mafraq Qasabah,Al Mafraq,Um Enna'am Sharqiyyeh
North,Al Mafraq Governorate,Mafraq Qasabah,Al Mafraq,Teeb Isem
North,Al Mafraq Governorate,Mafraq Qasabah,Al Mafraq,Um Enna'am Gharbiyyeh
North,Al Mafraq Governorate,Mafraq Qasabah,Al Manshyah,Manshiyyet Bani Hasan
North,Al Mafraq Governorate,Mafraq Qasabah,Al Manshyah,Um Elloolo
North,Al Mafraq Governorate,Mafraq Qasabah,Al Manshyah,Dair Waraq
North,Al Mafraq Governorate,Mafraq Qasabah,Bal'ama,Zaniyyeh
North,Al Mafraq Governorate,Mafraq Qasabah,Bal'ama,Nemreh
North,Al Mafraq Governorate,Mafraq Qasabah,Bal'ama,Manshiyyet Alaian (Alkhan)
North,Al Mafraq Governorate,Mafraq Qasabah,Bal'ama,Bal'ama
North,Al Mafraq Governorate,Mafraq Qasabah,Bal'ama,Bostan
North,Al Mafraq Governorate,Mafraq Qasabah,Bal'ama,Dahreiah
North,Al Mafraq Governorate,Mafraq Qasabah,Bal'ama,Hamaneh El-Jadiedeh
North,Al Mafraq Governorate,Mafraq Qasabah,Bal'ama,Hayyan Rwaibedh Gharbi
North,Al Mafraq Governorate,Mafraq Qasabah,Bal'ama,Hayyan Rwaibedh Sharqi
North,Al Mafraq Governorate,Mafraq Qasabah,Bal'ama,Khraisan
North,Al Mafraq Governorate,Mafraq Qasabah,Bal'ama,Marajem
North,Al Mafraq Governorate,Mafraq Qasabah,Bal'ama,Mazra'ah
North,Al Mafraq Governorate,Mafraq Qasabah,Bal'ama,Nozhah
North,Al Mafraq Governorate,Mafraq Qasabah,Bal'ama,Um Swaiweeneh
North,Al Mafraq Governorate,Mafraq Qasabah,Bal'ama,Shraifiyyeh
North,Al Mafraq Governorate,Mafraq Qasabah,Bal'ama,Hamaneh El-Qadiemeh
North,Al Mafraq Governorate,Mafraq Qasabah,Bal'ama,Um Hysmasa
North,Al Mafraq Governorate,Mafraq Qasabah,Bal'ama,Zafaraneh
North,Al Mafraq Governorate,Mafraq Qasabah,Bal'ama,Hasab
North,Al Mafraq Governorate,Mafraq Qasabah,Bal'ama,Ain El-Nemreh
North,Al Mafraq Governorate,Mafraq Qasabah,Erhab,Ain Bani Hasan
North,Al Mafraq Governorate,Mafraq Qasabah,Erhab,Dahal
North,Al Mafraq Governorate,Mafraq Qasabah,Erhab,Abu El-Soos
North,Al Mafraq Governorate,Mafraq Qasabah,Erhab,Medwar
North,Al Mafraq Governorate,Mafraq Qasabah,Erhab,Khatlah
North,Al Mafraq Governorate,Mafraq Qasabah,Erhab,Hwaishan
North,Al Mafraq Governorate,Mafraq Qasabah,Erhab,Nadreh
North,Al Mafraq Governorate,Mafraq Qasabah,Erhab,Doqomseh
North,Al Mafraq Governorate,Mafraq Qasabah,Erhab,Hamamet Omoosh
North,Al Mafraq Governorate,Mafraq Qasabah,Erhab,Irhab
North,Al Mafraq Governorate,Mafraq Qasabah,Erhab,Sahah
North,Al Mafraq Governorate,Mafraq Qasabah,Erhab,Kharab El-Matwi
North,Al Mafraq Governorate,Mafraq Qasabah,Erhab,Dajaniyyeh
North,Al Mafraq Governorate,Mafraq Qasabah,Erhab,BwaidhahGhrbiyyeh
North,Al Mafraq Governorate,Mafraq Qasabah,Erhab,Ain Ennabi
North,Al Mafraq Governorate,Mafraq Qasabah,Erhab,Bwaidhet Elaimat(Bwaidhah Sharqiyyeh)
North,Al Mafraq Governorate,Mafraq Qasabah,Erhab,Hamamet Elaimat
North,Al Mafraq Governorate,Mafraq Qasabah,Erhab,Hamied
North,Al Mafraq Governorate,Mafraq Qasabah,Erhab,Karm
North,Al Mafraq Governorate,Mafraq Qasabah,Erhab,Qadam
North,Al Mafraq Governorate,Mafraq Qasabah,Erhab,Um Btaimeh
North,Al Mafraq Governorate,Mafraq Qasabah,Erhab,Um Kheroba
North,Al Mafraq Governorate,Mafraq Qasabah,Erhab,Mo'ammariyyeh
North,Al Mafraq Governorate,Mafraq Qasabah,Erhab,Mnifa
Central,Az Zarqa Governorate,Ar Rusayfa,Ar Rusayfa,Russeifa
Central,Az Zarqa Governorate,Ar Rusayfa,Ar Rusayfa,Abu Saiah
Central,Az Zarqa Governorate,Ar Rusayfa,Ar Rusayfa,Mukhayyam Hetten
Central,Az Zarqa Governorate,Zarqa Qasabah,Al-Dhilail,Mabrookah
Central,Az Zarqa Governorate,Zarqa Qasabah,Al-Dhilail,Qaser Hallabat El-Sharqi
Central,Az Zarqa Governorate,Zarqa Qasabah,Al-Dhilail,Qasr El-Hallabat Gharbi
Central,Az Zarqa Governorate,Zarqa Qasabah,Al-Dhilail,Dhaythem
Central,Az Zarqa Governorate,Zarqa Qasabah,Al-Dhilail,Dhlail
Central,Az Zarqa Governorate,Zarqa Qasabah,Al-Dhilail,Sayeh Diab
Central,Az Zarqa Governorate,Zarqa Qasabah,Al-Dhilail,Mazari'e Hallabat
Central,Az Zarqa Governorate,Zarqa Qasabah,Az Zarqa,Zarqa
Central,Az Zarqa Governorate,Zarqa Qasabah,Az Zarqa,Tafeh
Central,Az Zarqa Governorate,Zarqa Qasabah,Az Zarqa,Farwaneyeh
Central,Az Zarqa Governorate,Zarqa Qasabah,Az Zarqa,Khou
Central,Az Zarqa Governorate,Zarqa Qasabah,Az Zarqa,Rukban
Central,Az Zarqa Governorate,Zarqa Qasabah,Beerain,Merheb
Central,Az Zarqa Governorate,Zarqa Qasabah,Beerain,Bierain
Central,Az Zarqa Governorate,Zarqa Qasabah,Beerain,Um Rommaneh
Central,Az Zarqa Governorate,Zarqa Qasabah,Beerain,Kamsha
Central,Az Zarqa Governorate,Zarqa Qasabah,Beerain,Alook
Central,Az Zarqa Governorate,Zarqa Qasabah,Beerain,Khalleh
Central,Az Zarqa Governorate,Zarqa Qasabah,Beerain,Reyad
Central,Az Zarqa Governorate,Zarqa Qasabah,Beerain,Saharah
Central,Az Zarqa Governorate,Zarqa Qasabah,Beerain,Ewailiyyeh
Central,Az Zarqa Governorate,Zarqa Qasabah,Beerain,Masarrah Sharqiyyeh
Central,Az Zarqa Governorate,Zarqa Qasabah,Beerain,MasarrahGharbiyyeh
Central,Az Zarqa Governorate,Zarqa Qasabah,Beerain,Mekman
Central,Az Zarqa Governorate,Zarqa Qasabah,Beerain,Naseryah
Central,Az Zarqa Governorate,Zarqa Qasabah,Beerain,Um El-Byar
Central,Az Zarqa Governorate,Zarqa Qasabah,Beerain,Um El-Fat'ier
Central,Az Zarqa Governorate,Zarqa Qasabah,Beerain,Um Khashibeh
Central,Az Zarqa Governorate,Zarqa Qasabah,Beerain,Rojom Eshoak
Central,Az Zarqa Governorate,Zarqa Qasabah,Beerain,Sarroot
Central,Az Zarqa Governorate,Zarqa Qasabah,Beerain,Ain El-Hawaya
Central,Az Zarqa Governorate,Zarqa Qasabah,Beerain,Ain Saber
Central,Az Zarqa Governorate,Zarqa Qasabah,Beerain,Maqam Isa
Central,Az Zarqa Governorate,Zarqa Qasabah,Beerain,Wadi Esswan
Central,Az Zarqa Governorate,Zarqa Qasabah,Beerain,Makethat
Central,Az Zarqa Governorate,Zarqa Qasabah,Al Azraq,Azraq Shamali
Central,Az Zarqa Governorate,Zarqa Qasabah,Al Azraq,Azraq Janoobi
Central,Az Zarqa Governorate,Zarqa Qasabah,Al Azraq,Ain El-Baidha
Central,Az Zarqa Governorate,Zarqa Qasabah,Al Azraq,Qaser Amrah
Central,Az Zarqa Governorate,Zarqa Qasabah,Al Azraq,Omari
Central,Az Zarqa Governorate,Zarqa Qasabah,Al Azraq,Kaedet Selah Jaw (Moafaq Salti)
Central,Az Zarqa Governorate,Al-Hashimiya,Al-Hashimiya,Biereh
Central,Az Zarqa Governorate,Al-Hashimiya,Al-Hashimiya,Sokhneh
Central,Az Zarqa Governorate,Al-Hashimiya,Al-Hashimiya,Rahayal
Central,Az Zarqa Governorate,Al-Hashimiya,Al-Hashimiya,Hashemiyah
Central,Az Zarqa Governorate,Al-Hashimiya,Al-Hashimiya,Doqarah
Central,Az Zarqa Governorate,Al-Hashimiya,Al-Hashimiya,Kherbeh Samra(Raudit Al Amir Mohamad)
Central,Az Zarqa Governorate,Al-Hashimiya,Al-Hashimiya,Qnayyeh
Central,Az Zarqa Governorate,Al-Hashimiya,Al-Hashimiya,Abu Ezzieghan
Central,Az Zarqa Governorate,Al-Hashimiya,Al-Hashimiya,Um Essalleeh
Central,Az Zarqa Governorate,Al-Hashimiya,Al-Hashimiya,Tawahien Adwan
Central,Az Zarqa Governorate,Al-Hashimiya,Al-Hashimiya,Dab'an
Central,Az Zarqa Governorate,Al-Hashimiya,Al-Hashimiya,Ghraiseh